Timestamp,Open,High,Low,Close,Volume,SMA_10,SMA_50,SMA_100,EMA_10,EMA_50,EMA_100,RSI_10,RSI_50,RSI_100,VWAP,MACD,MACD_Hist,MACD_Signal
2022-12-21 08:00:00,131.706,132.498,131.621,132.295,77007,132.0378,131.7505,131.4431,132.0752,131.8384,131.9247,58.5859,52.1348,47.9551,132.0807,0.0717,-0.0319,0.1037
2022-12-21 08:15:00,132.321,132.398,132.157,132.206,24997,132.0458,131.7706,131.4595,132.099,131.8528,131.9303,55.1204,51.6147,47.737,132.1005,0.0769,-0.0214,0.0983
2022-12-21 08:30:00,132.192,132.319,132.105,132.305,41241,132.0478,131.7905,131.4758,132.1365,131.8705,131.9377,58.178,52.1565,48.0027,132.1231,0.088,-0.0083,0.0962
2022-12-21 08:45:00,132.291,132.398,132.098,132.196,44974,132.0647,131.8048,131.4833,132.1473,131.8833,131.9428,53.7021,51.5086,47.7328,132.139,0.0869,-0.0074,0.0944
2022-12-21 09:00:00,132.251,132.279,131.988,132.086,62867,132.0825,131.817,131.4894,132.1361,131.8913,131.9457,49.4373,50.858,47.4609,132.1353,0.0764,-0.0144,0.0908
2022-12-21 09:15:00,132.053,132.22,131.839,132.047,55211,132.0736,131.8256,131.4958,132.1199,131.8974,131.9477,47.9376,50.6266,47.3642,132.1223,0.0641,-0.0213,0.0854
2022-12-21 09:30:00,132.083,133.521,131.839,132.613,5303287,132.164,131.8565,131.5086,132.2096,131.9254,131.9608,65.0395,53.7426,48.89,132.6181,0.0989,0.0108,0.0881
2022-12-21 09:45:00,132.623,133.521,132.564,132.633,2854085,132.2514,131.8813,131.5212,132.2866,131.9532,131.9741,65.4846,53.8477,48.9428,132.7139,0.1267,0.0308,0.0958
2022-12-21 10:00:00,132.629,133.69,132.554,133.566,2894267,132.4083,131.9238,131.5453,132.5192,132.0164,132.0057,79.2074,58.3492,51.314,132.8542,0.2214,0.1004,0.1209
2022-12-21 10:15:00,133.562,134.162,133.471,133.974,3482123,132.5921,131.983,131.5735,132.7837,132.0932,132.0446,82.5739,60.0863,52.2927,133.0904,0.3256,0.1637,0.1619
2022-12-21 10:30:00,133.97,135.07,133.855,134.897,3743276,132.8523,132.0589,131.6109,133.1679,132.2031,132.1011,87.6144,63.5916,54.3879,133.3941,0.4772,0.2523,0.2249
2022-12-21 10:45:00,134.893,135.746,134.799,135.677,4131892,133.1994,132.1517,131.6556,133.6241,132.3394,132.1719,90.2598,66.1548,56.036,133.7584,0.6528,0.3422,0.3105
2022-12-21 11:00:00,135.668,135.885,135.186,135.344,3514749,133.5033,132.2419,131.6951,133.9368,132.4572,132.2347,81.9562,64.1863,55.1763,133.987,0.7563,0.3566,0.3997
2022-12-21 11:15:00,135.335,135.472,134.784,135.017,2286628,133.7854,132.3236,131.7309,134.1332,132.5576,132.2898,74.4802,62.3279,54.3491,134.0751,0.8027,0.3224,0.4803
2022-12-21 11:30:00,135.017,135.239,134.58,134.927,2012532,134.0695,132.4038,131.7656,134.2776,132.6505,132.3421,72.4589,61.8252,54.1236,134.1303,0.8227,0.274,0.5488
2022-12-21 11:45:00,134.933,135.02,134.353,134.608,1837870,134.3256,132.472,131.7964,134.3376,132.7273,132.3869,65.4622,60.0727,53.3311,134.1603,0.8036,0.2039,0.5997
2022-12-21 12:00:00,134.605,134.637,134.253,134.49,1635862,134.5133,132.5343,131.826,134.3653,132.7964,132.4286,62.9634,59.4368,53.041,134.1747,0.7701,0.1363,0.6338
2022-12-21 12:15:00,134.485,134.583,134.153,134.244,1527850,134.6744,132.5913,131.8535,134.3433,132.8532,132.4645,57.8484,58.1278,52.4401,134.1812,0.7154,0.0653,0.6501
2022-12-21 12:30:00,134.238,134.862,134.223,134.786,1659182,134.7964,132.658,131.8859,134.4238,132.929,132.5105,64.8407,60.1032,53.6096,134.2009,0.7076,0.046,0.6616
2022-12-21 12:45:00,134.774,135.09,134.61,135.07,1309733,134.906,132.728,131.9202,134.5413,133.0129,132.5612,67.9373,61.0848,54.2056,134.2254,0.7161,0.0436,0.6725
2022-12-21 13:00:00,135.082,135.249,134.898,134.967,1646419,134.913,132.7952,131.9587,134.6187,133.0896,132.6088,65.6088,60.5337,53.9517,134.2586,0.7064,0.0271,0.6793
2022-12-21 13:15:00,134.957,134.991,134.233,134.271,1499843,134.7724,132.8478,131.9896,134.5555,133.1359,132.6417,52.1807,56.9881,52.2801,134.2672,0.6352,-0.0353,0.6705
2022-12-21 13:30:00,134.268,134.593,134.233,134.408,1239439,134.6788,132.902,132.0209,134.5286,133.1858,132.6767,54.2295,57.4882,52.5723,134.2714,0.5831,-0.0699,0.653
2022-12-21 13:45:00,134.407,134.663,134.402,134.55,890392,134.6321,132.956,132.0562,134.5325,133.2393,132.7138,56.3818,58.0047,52.8743,134.2768,0.547,-0.0848,0.6318
2022-12-21 14:00:00,134.556,135.199,134.551,134.97,1752450,134.6364,133.0185,132.0951,134.6121,133.3071,132.7585,62.2201,59.49,53.7544,134.301,0.546,-0.0687,0.6146
2022-12-21 14:15:00,134.973,135.08,134.516,134.574,1554877,134.633,133.0722,132.1281,134.6051,133.3568,132.7944,54.5683,57.5323,52.8151,134.3149,0.5074,-0.0858,0.5932
2022-12-21 14:30:00,134.566,134.871,134.521,134.659,1426376,134.6499,133.1266,132.1634,134.6149,133.4079,132.8314,55.8629,57.8362,52.9932,134.3257,0.4781,-0.0921,0.5702
2022-12-21 14:45:00,134.655,134.713,134.183,134.47,1372640,134.6725,133.1707,132.1962,134.5886,133.4495,132.8638,52.1889,56.9121,52.5477,134.3293,0.4347,-0.1084,0.5431
2022-12-21 15:00:00,134.476,134.653,134.188,134.569,1475084,134.6508,133.219,132.2284,134.585,133.4934,132.8976,53.9515,57.2769,52.7578,134.3333,0.4036,-0.1116,0.5152
2022-12-21 15:15:00,134.556,134.673,134.352,134.43,1342373,134.5868,133.2657,132.2583,134.5568,133.5302,132.9279,51.0173,56.5904,52.4286,134.3371,0.3635,-0.1213,0.4848
2022-12-21 15:30:00,134.436,134.633,134.412,134.5,1713619,134.5401,133.3151,132.2882,134.5465,133.5682,132.959,52.4639,56.8561,52.5791,134.3427,0.3336,-0.121,0.4546
2022-12-21 15:45:00,134.486,134.852,134.084,134.51,4904250,134.564,133.3644,132.3195,134.5399,133.6051,132.9898,52.6857,56.8946,52.6008,134.3542,0.3071,-0.118,0.4251
2022-12-21 16:00:00,134.506,134.703,134.392,134.699,13653467,134.5931,133.4192,132.3534,134.5688,133.648,133.0236,56.908,57.6233,53.0102,134.3998,0.298,-0.1017,0.3997
2022-12-21 16:15:00,134.705,134.812,134.521,134.659,98465,134.604,133.4705,132.3876,134.5852,133.6877,133.056,55.7383,57.4137,52.9125,134.4001,0.2842,-0.0924,0.3766
2022-12-21 16:30:00,134.526,134.7,134.521,134.696,44365,134.5766,133.5195,132.4239,134.6053,133.7272,133.0885,56.654,57.5594,52.9934,134.4003,0.2731,-0.0827,0.3559
2022-12-21 16:45:00,134.655,134.713,134.65,134.669,13457,134.5861,133.566,132.463,134.6169,133.7642,133.1198,55.7194,57.4131,52.9264,134.4003,0.2592,-0.0773,0.3366
2022-12-21 17:00:00,134.655,134.673,134.62,134.669,6131,134.5871,133.6125,132.5004,134.6264,133.7996,133.1504,55.7194,57.4131,52.9264,134.4003,0.2453,-0.073,0.3183
2022-12-21 17:15:00,134.695,134.722,134.64,134.718,17333,134.6119,133.6583,132.54,134.643,133.8356,133.1815,57.2977,57.6166,53.0364,134.4004,0.2356,-0.0662,0.3018
2022-12-21 17:30:00,134.714,134.722,134.57,134.699,6707,134.6249,133.705,132.5756,134.6532,133.8695,133.2115,56.4311,57.5079,52.9879,134.4004,0.2237,-0.0624,0.2862
2022-12-21 17:45:00,134.675,134.742,134.65,134.738,6385,134.6557,133.7519,132.6135,134.6686,133.9036,133.2418,57.8839,57.6752,53.0769,134.4005,0.215,-0.0569,0.2719
2022-12-21 18:00:00,134.744,134.782,134.63,134.718,16714,134.6775,133.8041,132.6533,134.6776,133.9355,133.271,56.8046,57.5566,53.0249,134.4005,0.2041,-0.0542,0.2584
2022-12-21 18:15:00,134.695,134.713,134.65,134.708,8056,134.6973,133.8558,132.6954,134.6831,133.9658,133.2994,56.2223,57.4963,52.9987,134.4006,0.1925,-0.0527,0.2452
2022-12-21 18:30:00,134.695,134.752,134.668,134.708,7865,134.6982,133.9042,132.7465,134.6877,133.9949,133.3273,56.2223,57.4963,52.9987,134.4006,0.1812,-0.0512,0.2324
2022-12-21 18:45:00,134.774,134.782,134.67,134.708,2817,134.7031,133.9579,132.7893,134.6914,134.0229,133.3547,56.2223,57.4963,52.9987,134.4006,0.1702,-0.0497,0.22
2022-12-21 19:00:00,134.705,134.713,134.64,134.679,3664,134.7014,134.0133,132.8275,134.6891,134.0486,133.3809,54.0191,57.3112,52.9205,134.4006,0.1574,-0.05,0.2075
2022-12-21 19:15:00,134.675,134.683,134.58,134.649,10337,134.6994,134.0635,132.8545,134.6818,134.0721,133.406,51.6908,57.1172,52.839,134.4007,0.1432,-0.0514,0.1946
2022-12-21 19:30:00,134.645,134.683,134.62,134.649,3221,134.6974,134.1223,132.8835,134.6758,134.0948,133.4306,51.6908,57.1172,52.839,134.4007,0.1304,-0.0514,0.1818
2022-12-21 19:45:00,134.665,134.812,134.66,134.748,14580,134.7004,134.1821,132.9172,134.689,134.1204,133.4567,58.9067,57.6104,53.0822,134.4007,0.1268,-0.044,0.1708
2022-12-22 04:00:00,135.022,135.03,134.819,134.867,4014,134.7172,134.2395,132.9565,134.7213,134.1497,133.4846,65.7411,58.2,53.3743,134.9053,0.132,-0.031,0.163
2022-12-22 04:15:00,134.893,134.901,134.59,134.629,5285,134.7063,134.2894,133.0016,134.7045,134.1685,133.5073,48.0007,56.5934,52.7115,134.7924,0.1156,-0.0379,0.1536
2022-12-22 04:30:00,134.685,134.742,134.68,134.728,700,134.7073,134.338,133.0442,134.7088,134.1904,133.5315,53.7669,57.0961,52.9569,134.7871,0.1094,-0.0353,0.1447
2022-12-22 04:45:00,134.655,134.663,134.521,134.53,1860,134.6895,134.3845,133.0776,134.6763,134.2037,133.5512,43.1369,55.7778,52.4074,134.7533,0.0874,-0.0458,0.1333
2022-12-22 05:00:00,134.466,134.484,134.402,134.48,1803,134.6667,134.428,133.1093,134.6406,134.2146,133.5696,40.8697,55.4479,52.269,134.714,0.0652,-0.0544,0.1197
2022-12-22 05:15:00,134.426,134.524,134.342,134.52,3494,134.6479,134.4745,133.1396,134.6187,134.2265,133.5885,43.5089,55.662,52.3706,134.6626,0.0503,-0.0555,0.1058
2022-12-22 05:30:00,134.456,134.464,134.431,134.46,642,134.626,134.522,133.1695,134.5898,134.2357,133.6057,40.4964,55.2556,52.2022,134.655,0.0333,-0.058,0.0913
2022-12-22 05:45:00,134.436,134.444,134.431,134.44,1501,134.6051,134.5698,133.1977,134.5626,134.2437,133.6222,39.4839,55.1187,52.1458,134.6382,0.0179,-0.0587,0.0766
2022-12-22 06:00:00,134.397,134.405,134.263,134.271,1919,134.5673,134.603,133.2297,134.5096,134.2448,133.6351,31.9774,53.966,51.6689,134.6088,-0.0078,-0.0675,0.0597
2022-12-22 06:15:00,134.258,134.266,134.193,134.232,2961,134.5157,134.635,133.2581,134.4591,134.2443,133.6469,30.4911,53.7016,51.559,134.5624,-0.031,-0.0725,0.0416
2022-12-22 06:30:00,134.317,134.325,134.312,134.321,196,134.4611,134.6501,133.2869,134.434,134.2473,133.6602,37.8196,54.2239,51.7954,134.5605,-0.0416,-0.0666,0.0249
2022-12-22 06:45:00,134.287,134.295,134.282,134.291,215,134.4273,134.6564,133.3197,134.408,134.249,133.6727,36.3829,54.0143,51.7094,134.5581,-0.0519,-0.0615,0.0096
2022-12-22 07:00:00,134.327,134.524,134.253,134.291,15674,134.3836,134.6443,133.3516,134.3867,134.2506,133.685,36.3829,54.0143,51.7094,134.4794,-0.0594,-0.0552,-0.0042
2022-12-22 07:15:00,134.287,134.315,134.094,134.132,9226,134.3438,134.6134,133.3826,134.3404,134.246,133.6938,29.1398,52.8861,51.2498,134.4237,-0.0773,-0.0584,-0.0188
2022-12-22 07:30:00,134.099,134.117,133.875,134.023,24510,134.2981,134.587,133.4144,134.2827,134.2372,133.7004,25.3029,52.1245,50.9362,134.285,-0.0991,-0.0642,-0.0349
2022-12-22 07:45:00,133.92,134.017,133.875,134.013,11633,134.2474,134.5669,133.4452,134.2337,134.2284,133.7065,24.9678,52.0544,50.9073,134.242,-0.1158,-0.0648,-0.0511
2022-12-22 08:00:00,134.367,135.08,133.875,133.914,83500,134.1928,134.5466,133.4752,134.1755,134.2161,133.7107,21.7928,51.3559,50.6205,134.2655,-0.1356,-0.0676,-0.068
2022-12-22 08:15:00,133.95,134.097,133.905,133.954,53926,134.1442,134.5336,133.5028,134.1353,134.2058,133.7155,26.0164,51.6235,50.7338,134.1978,-0.1463,-0.0626,-0.0836
2022-12-22 08:30:00,133.92,133.928,133.187,133.199,143877,134.037,134.5077,133.521,133.965,134.1664,133.7052,12.1993,46.6775,48.6076,133.8999,-0.2132,-0.1037,-0.1095
2022-12-22 08:45:00,133.245,133.262,132.882,132.96,148722,133.9098,134.4821,133.5367,133.7823,134.119,133.6905,10.2792,45.2763,47.9648,133.6503,-0.2823,-0.1382,-0.1441
2022-12-22 09:00:00,132.957,133.243,132.882,133.159,113863,133.7936,134.4495,133.5538,133.669,134.0814,133.68,21.6834,46.6373,48.5372,133.5498,-0.3173,-0.1386,-0.1787
2022-12-22 09:15:00,133.215,133.511,133.031,133.507,92523,133.7152,134.4183,133.5731,133.6395,134.0589,133.6765,37.1948,48.9049,49.518,133.5242,-0.3134,-0.1077,-0.2057
2022-12-22 09:30:00,133.513,133.65,132.256,132.801,4208409,133.5662,134.3749,133.5851,133.4871,134.0095,133.6592,25.7144,44.9507,47.6567,132.9934,-0.3631,-0.1259,-0.2372
2022-12-22 09:45:00,132.798,132.865,132.366,132.632,2446936,133.4162,134.3422,133.595,133.3316,133.9555,133.6389,23.7636,44.0801,47.2275,132.8699,-0.4113,-0.1393,-0.272
2022-12-22 10:00:00,132.619,132.632,131.328,131.55,3422319,133.1689,134.285,133.5935,133.0077,133.8612,133.5975,15.434,39.1291,44.6281,132.5425,-0.5308,-0.207,-0.3237
2022-12-22 10:15:00,131.551,131.634,130.955,131.024,2719182,132.87,134.2145,133.5852,132.647,133.7499,133.5465,12.977,37.0641,43.4537,132.2733,-0.6603,-0.2692,-0.391
2022-12-22 10:30:00,131.02,131.028,130.235,130.547,3156346,132.5333,134.126,133.5722,132.2652,133.6243,133.4871,11.1831,35.3383,42.4308,131.9572,-0.7922,-0.3209,-0.4713
2022-12-22 10:45:00,130.543,131.018,130.454,130.644,2084270,132.2023,134.0474,133.5598,131.9704,133.5074,133.4308,13.8732,35.9571,42.7078,131.8181,-0.8789,-0.3261,-0.5528
2022-12-22 11:00:00,130.637,131.117,130.528,130.835,1861625,131.9659,133.9709,133.5488,131.764,133.4026,133.3794,19.2256,37.1652,43.2509,131.7286,-0.9215,-0.295,-0.6265
2022-12-22 11:15:00,130.821,131.087,130.677,130.726,1561137,131.7425,133.8961,133.5334,131.5753,133.2977,133.3269,18.4967,36.7614,43.0159,131.6654,-0.9531,-0.2612,-0.6918
2022-12-22 11:30:00,130.732,130.857,130.369,130.383,1500149,131.4649,133.8123,133.5157,131.3585,133.1834,133.2686,16.3318,35.522,42.2854,131.5939,-0.9943,-0.242,-0.7523
2022-12-22 11:45:00,130.384,130.869,130.151,130.81,1564929,131.1952,133.7399,133.5028,131.2588,133.0903,133.2199,27.9899,38.17,43.4921,131.5329,-0.9813,-0.1831,-0.7981
2022-12-22 12:00:00,130.802,130.884,130.55,130.612,1223334,130.9763,133.6622,133.4886,131.1412,132.9931,133.1683,26.1151,37.4424,43.0703,131.4936,-0.9756,-0.142,-0.8336
2022-12-22 12:15:00,130.613,130.821,129.803,129.901,2007030,130.7032,133.57,133.4672,130.9157,132.8719,133.1036,20.6078,34.998,41.6068,131.4006,-1.0168,-0.1465,-0.8703
2022-12-22 12:30:00,129.878,130.064,129.813,130.021,1474025,130.5503,133.4764,133.4478,130.753,132.7601,133.0425,23.6281,35.7207,41.9431,131.33,-1.0279,-0.1261,-0.9018
2022-12-22 12:45:00,130.019,130.203,129.853,130.12,1207624,130.4599,133.3857,133.4281,130.6379,132.6565,132.9847,26.2017,36.3168,42.2204,131.2807,-1.017,-0.0922,-0.9248
2022-12-22 13:00:00,130.118,130.129,129.734,129.931,1341550,130.3983,133.2904,133.4049,130.5094,132.5496,132.9242,24.4537,35.6724,41.8351,131.225,-1.0119,-0.0697,-0.9423
2022-12-22 13:15:00,129.927,129.96,129.456,129.592,1719241,130.2931,133.1888,133.3774,130.3426,132.4337,132.8582,21.584,34.5503,41.1545,131.1469,-1.0235,-0.065,-0.9585
2022-12-22 13:30:00,129.57,130.124,129.406,130.1,1858798,130.2196,133.0974,133.355,130.2985,132.3421,132.8036,34.4015,37.5538,42.5687,131.0814,-0.9804,-0.0175,-0.9629
2022-12-22 13:45:00,130.096,130.169,129.825,129.901,1319226,130.1371,133.0011,133.3297,130.2262,132.2464,132.7461,32.1166,36.8773,42.1677,131.0421,-0.9513,0.0093,-0.9606
2022-12-22 14:00:00,129.915,130.462,129.884,130.397,1735142,130.1385,132.9151,133.31,130.2573,132.1739,132.6996,42.6632,39.6426,43.5074,131.0068,-0.8781,0.066,-0.9441
2022-12-22 14:15:00,130.384,130.462,129.754,130.358,1681237,130.0933,132.8275,133.2897,130.2756,132.1027,132.6532,42.0919,39.5037,43.4275,130.9732,-0.8138,0.1042,-0.918
2022-12-22 14:30:00,130.354,130.63,130.111,130.209,1915370,130.053,132.7373,133.2707,130.2635,132.0284,132.6048,39.8278,38.9716,43.1219,130.9438,-0.7661,0.1215,-0.8876
2022-12-22 14:45:00,130.204,130.66,130.156,130.607,1601930,130.1236,132.6553,133.2555,130.3259,131.9727,132.5653,48.1115,41.1329,44.1817,130.9269,-0.6882,0.1595,-0.8477
2022-12-22 15:00:00,130.603,130.859,130.28,130.294,2455238,130.1509,132.567,133.2356,130.3201,131.9068,132.5203,42.9454,39.9962,43.5373,130.9033,-0.6443,0.1627,-0.8071
2022-12-22 15:15:00,130.296,131.306,130.27,131.217,2879417,130.2606,132.4972,133.2275,130.4832,131.8798,132.4945,57.7945,44.6028,45.8883,130.9049,-0.529,0.2225,-0.7514
2022-12-22 15:30:00,131.218,131.296,130.464,130.671,2638325,130.3346,132.417,133.2151,130.5173,131.8324,132.4584,49.3521,42.6274,44.7743,130.9001,-0.4761,0.2203,-0.6964
2022-12-22 15:45:00,130.667,131.465,130.509,131.351,6173222,130.5105,132.351,133.2073,130.6689,131.8135,132.4364,57.8686,45.6844,46.4109,130.9221,-0.375,0.2571,-0.6321
2022-12-22 16:00:00,131.323,131.604,131.015,131.133,9667295,130.6138,132.2807,133.2015,130.7533,131.7868,132.4106,54.5983,44.9018,45.9698,130.9687,-0.309,0.2585,-0.5675
2022-12-22 16:15:00,131.149,131.289,131.144,131.193,12139,130.743,132.2096,133.1959,130.8332,131.7635,132.3865,55.3696,45.1656,46.1122,130.9688,-0.2489,0.2549,-0.5038
2022-12-22 16:30:00,131.179,131.296,131.174,131.292,14080,130.8325,132.1381,133.1888,130.9167,131.745,132.3648,56.7177,45.6042,46.3478,130.9688,-0.1911,0.2501,-0.4412
2022-12-22 16:45:00,131.268,131.336,131.174,131.275,29918,130.9242,132.071,133.1802,130.9818,131.7266,132.3433,56.3927,45.5403,46.3127,130.9689,-0.145,0.237,-0.382
2022-12-22 17:00:00,131.285,131.293,131.174,131.183,8706,131.0216,132.0001,133.1691,131.0184,131.7053,132.3203,54.5144,45.1911,46.1216,130.969,-0.1145,0.2139,-0.3285
2022-12-22 17:15:00,131.169,131.236,131.144,131.232,20252,131.0841,131.9342,133.1594,131.0572,131.6867,132.2987,55.3936,45.4186,46.2409,130.969,-0.0855,0.1944,-0.2799
2022-12-22 17:30:00,131.209,131.296,131.184,131.252,9956,131.1799,131.8696,133.1488,131.0926,131.6697,132.278,55.7813,45.5128,46.29,130.9691,-0.0601,0.1758,-0.2359
2022-12-22 17:45:00,131.268,131.286,131.194,131.272,13268,131.1854,131.8047,133.1396,131.1253,131.6541,132.2581,56.2041,45.6086,46.3394,130.9691,-0.038,0.1583,-0.1963
2022-12-22 18:00:00,131.288,131.296,131.094,131.242,15778,131.2425,131.7403,133.1311,131.1465,131.6379,132.238,55.3224,45.4862,46.2749,130.9692,-0.0226,0.139,-0.1616
2022-12-22 18:15:00,131.238,131.286,131.144,131.153,18330,131.2227,131.6746,133.1222,131.1477,131.6189,132.2165,52.6021,45.1197,46.0825,130.9693,-0.0174,0.1153,-0.1328
2022-12-22 18:30:00,131.159,131.246,131.154,131.242,2483,131.2336,131.614,133.1085,131.1648,131.6041,132.1972,55.0575,45.5672,46.308,130.9693,-0.006,0.1014,-0.1074
2022-12-22 18:45:00,131.189,131.266,131.124,131.133,24440,131.2276,131.552,133.0935,131.159,131.5857,132.1761,51.4318,45.1075,46.0696,130.9693,-0.0058,0.0813,-0.0871
2022-12-22 19:00:00,131.099,131.117,130.826,130.885,12450,131.1869,131.4833,133.0667,131.1092,131.5582,132.1506,44.0914,44.0752,45.5311,130.9693,-0.0252,0.0495,-0.0747
2022-12-22 19:15:00,130.861,130.879,130.628,130.706,11875,131.13,131.4116,133.034,131.0359,131.5248,132.1219,39.5631,43.3446,45.1463,130.9693,-0.0545,0.0162,-0.0707
2022-12-22 19:30:00,130.672,130.809,130.608,130.656,10878,131.0773,131.3389,132.9916,130.9668,131.4907,132.0929,38.341,43.1408,45.0389,130.9692,-0.0808,-0.0081,-0.0727
2022-12-22 19:45:00,130.642,130.68,130.35,130.408,26771,130.9949,131.2644,132.9389,130.8652,131.4482,132.0596,32.7633,42.1379,44.5085,130.9691,-0.1203,-0.038,-0.0822
2022-12-23 04:00:00,130.523,131.276,130.399,130.905,9680,130.9602,131.202,132.8945,130.8725,131.4269,132.0367,49.2144,44.7637,45.8006,130.86,-0.1102,-0.0224,-0.0878
2022-12-23 04:15:00,130.732,130.889,130.697,130.835,2190,130.9165,131.1385,132.8527,130.8656,131.4037,132.0129,47.3995,44.4737,45.6494,130.8502,-0.1066,-0.015,-0.0916
2022-12-23 04:30:00,130.851,131.008,130.826,130.954,7322,130.8877,131.0793,132.813,130.8817,131.3861,131.9919,50.8249,45.0909,45.9558,130.8804,-0.0931,-0.0012,-0.0919
2022-12-23 04:45:00,130.94,130.988,130.926,130.944,1520,130.8668,131.0191,132.7763,130.893,131.3687,131.9712,50.5177,45.0479,45.9338,130.8857,-0.0822,0.0077,-0.0899
2022-12-23 05:00:00,130.98,131.057,130.975,131.053,813,130.8479,130.9762,132.742,130.9221,131.3564,131.953,53.8926,45.6238,46.2171,130.8911,-0.0641,0.0207,-0.0848
2022-12-23 05:15:00,131.089,131.246,131.085,131.242,2593,130.8588,130.9418,132.7119,130.9803,131.3519,131.9389,59.2476,46.6138,46.7061,130.9233,-0.0341,0.0406,-0.0746
2022-12-23 05:30:00,131.298,131.604,131.293,131.5,8476,130.9203,130.9086,132.6791,131.0748,131.3577,131.9302,65.3513,47.9341,47.3659,131.0644,0.0104,0.068,-0.0576
2022-12-23 05:45:00,131.457,131.643,131.452,131.61,4274,131.0107,130.8707,132.6445,131.1721,131.3676,131.9239,67.6468,48.4884,47.6451,131.1228,0.0539,0.0892,-0.0353
2022-12-23 06:00:00,131.596,131.892,131.591,131.61,5445,131.1061,130.8469,132.6109,131.2517,131.3771,131.9177,67.6468,48.4884,47.6451,131.1968,0.0874,0.0982,-0.0108
2022-12-23 06:15:00,131.586,131.594,131.462,131.471,1207,131.2124,130.8236,132.5829,131.2916,131.3808,131.9088,61.3101,47.8186,47.3215,131.2054,0.1015,0.0898,0.0117
2022-12-23 06:30:00,131.338,131.435,131.333,131.431,2976,131.265,130.8213,132.5531,131.3169,131.3827,131.8994,59.5271,47.6254,47.2283,131.2179,0.1083,0.0773,0.031
2022-12-23 06:45:00,131.447,131.455,131.283,131.292,1232,131.3107,130.8266,132.5206,131.3124,131.3792,131.8873,53.5179,46.9529,46.9039,131.2211,0.1012,0.0562,0.0451
2022-12-23 07:00:00,131.218,131.286,131.144,131.212,8976,131.3365,130.8399,132.483,131.2941,131.3726,131.874,50.2726,46.5667,46.7173,131.22,0.0882,0.0345,0.0537
2022-12-23 07:15:00,131.209,131.485,131.204,131.481,8456,131.3902,130.8567,132.452,131.3281,131.3769,131.8662,59.4578,48.0333,47.4275,131.242,0.0984,0.0358,0.0626
2022-12-23 07:30:00,131.477,131.544,131.243,131.252,12470,131.4101,130.865,132.418,131.3143,131.372,131.854,50.6146,46.9147,46.8901,131.2588,0.087,0.0195,0.0675
2022-12-23 07:45:00,131.258,131.405,131.104,131.302,13707,131.4161,130.8765,132.3863,131.312,131.3692,131.8431,52.3345,47.1887,47.0225,131.2605,0.0811,0.0109,0.0702
2022-12-23 08:00:00,131.298,131.582,130.141,131.282,60907,131.3943,130.8945,132.3534,131.3066,131.3658,131.832,51.5368,47.0895,46.9752,131.157,0.0739,0.003,0.071
2022-12-23 08:15:00,131.278,131.604,131.253,131.471,44417,131.3804,130.9077,132.3238,131.3365,131.3699,131.8248,58.2229,48.1408,47.4796,131.2215,0.0826,0.0093,0.0733
2022-12-23 08:30:00,131.268,132.498,130.201,132.246,175683,131.444,130.9404,132.3013,131.5018,131.4043,131.8332,74.3475,52.1215,49.4707,131.4229,0.1502,0.0615,0.0887
2022-12-23 08:45:00,132.281,132.378,131.104,131.193,121746,131.4162,130.9662,132.2681,131.4457,131.396,131.8205,46.9755,47.1082,47.024,131.4563,0.1175,0.0231,0.0944
2022-12-23 09:00:00,131.159,131.256,130.757,130.984,102168,131.3715,130.9855,132.231,131.3617,131.3798,131.8039,43.4479,46.208,46.5624,131.3779,0.0738,-0.0165,0.0903
2022-12-23 09:15:00,130.98,131.028,129.913,130.04,219676,131.2463,130.9839,132.1848,131.1214,131.3273,131.769,31.5554,42.4679,44.5661,131.095,-0.0365,-0.1014,0.065
2022-12-23 09:30:00,130.027,130.878,128.751,129.713,5844397,131.0964,130.9795,132.135,130.8654,131.264,131.7283,28.5479,41.2867,43.9075,129.9417,-0.1486,-0.1709,0.0222
2022-12-23 09:45:00,129.737,129.846,128.88,129.135,2898027,130.8618,130.9704,132.0796,130.5507,131.1805,131.6769,24.0467,39.3144,42.7787,129.7432,-0.2809,-0.2425,-0.0384
2022-12-23 10:00:00,129.133,130.094,128.771,129.584,3997759,130.695,130.9601,132.0288,130.375,131.1179,131.6355,33.1451,41.5285,43.9102,129.6665,-0.3455,-0.2457,-0.0998
2022-12-23 10:15:00,129.57,130.571,129.436,130.497,3023312,130.6145,130.972,131.9866,130.3972,131.0936,131.6129,47.385,45.6434,46.0993,129.7579,-0.3193,-0.1756,-0.1437
2022-12-23 10:30:00,130.498,131.519,130.449,130.944,2925735,130.5807,130.9829,131.949,130.4966,131.0877,131.5997,52.8484,47.4896,47.12,129.9398,-0.2595,-0.0927,-0.1669
2022-12-23 10:45:00,130.95,130.978,129.853,129.981,2293360,130.4317,130.9754,131.9014,130.4028,131.0443,131.5676,42.3275,44.1902,45.2552,129.9746,-0.2865,-0.0957,-0.1908
2022-12-23 11:00:00,129.987,130.134,129.36,129.961,2270479,130.2032,130.9704,131.8539,130.3225,131.0018,131.5358,42.1339,44.1252,45.2176,129.9599,-0.306,-0.0922,-0.2138
2022-12-23 11:15:00,129.957,130.491,129.863,130.118,1894520,130.0957,130.9607,131.808,130.2853,130.9671,131.5078,44.3535,44.7756,45.5756,129.9743,-0.3053,-0.0732,-0.2321
2022-12-23 11:30:00,130.116,130.799,130.007,130.398,1658482,130.0371,130.9627,131.7649,130.3058,130.9448,131.4858,48.2842,45.9211,46.2088,129.9999,-0.2789,-0.0374,-0.2415
2022-12-23 11:45:00,130.389,130.491,129.833,129.986,1532813,130.0317,130.9381,131.7176,130.2477,130.9072,131.4561,43.2853,44.5341,45.4233,130.0054,-0.2879,-0.0371,-0.2508
2022-12-23 12:00:00,129.987,130.412,129.932,130.334,1280454,130.0938,130.9314,131.6742,130.2634,130.8847,131.4339,48.3079,45.9414,46.2036,130.0147,-0.2639,-0.0105,-0.2534
2022-12-23 12:15:00,130.34,130.839,130.27,130.595,1400120,130.2398,130.9163,131.6336,130.3237,130.8734,131.4172,51.8606,46.9711,46.78,130.039,-0.2213,0.0257,-0.247
2022-12-23 12:30:00,130.588,130.869,130.211,130.319,1314408,130.3133,130.9,131.5903,130.3228,130.8516,131.3955,47.9856,46.0251,46.2506,130.0559,-0.2074,0.0317,-0.2391
2022-12-23 12:45:00,130.325,130.491,130.091,130.249,1076041,130.2885,130.8811,131.5454,130.3094,130.828,131.3728,46.9961,45.7864,46.117,130.0629,-0.1998,0.0315,-0.2312
2022-12-23 13:00:00,130.245,130.501,129.962,130.011,1334430,130.1952,130.8555,131.4968,130.2551,130.796,131.3458,43.5995,44.9774,45.6637,130.0665,-0.2105,0.0166,-0.2271
2022-12-23 13:15:00,130.002,130.481,129.997,130.418,1030281,130.2389,130.8383,131.4547,130.2847,130.7811,131.3275,50.4096,46.6233,46.5708,130.073,-0.184,0.0345,-0.2185
2022-12-23 13:30:00,130.424,130.611,130.27,130.319,908001,130.2747,130.8211,131.4106,130.291,130.763,131.3075,48.8165,46.2796,46.3806,130.0809,-0.169,0.0395,-0.2086
2022-12-23 13:45:00,130.32,130.392,129.913,130.289,1240986,130.2918,130.8022,131.3682,130.2906,130.7444,131.2873,48.3026,46.1744,46.3226,130.0847,-0.1578,0.0406,-0.1984
2022-12-23 14:00:00,130.275,130.402,130.032,130.393,1148011,130.2913,130.785,131.3273,130.3092,130.7307,131.2696,50.3174,46.6039,46.5564,130.0902,-0.1389,0.0476,-0.1865
2022-12-23 14:15:00,130.384,130.541,130.176,130.343,1023646,130.327,130.7664,131.2855,130.3154,130.7155,131.2513,49.2912,46.4222,46.4581,130.0967,-0.1265,0.048,-0.1745
2022-12-23 14:30:00,130.354,130.73,130.33,130.556,1158673,130.3492,130.7527,131.2465,130.3591,130.7092,131.2375,53.7555,47.3151,46.9399,130.1089,-0.0983,0.0609,-0.1593
2022-12-23 14:45:00,130.548,130.869,130.439,130.824,1132172,130.3721,130.7461,131.2104,130.4436,130.7137,131.2293,58.8234,48.4189,47.5398,130.1247,-0.0538,0.0844,-0.1382
2022-12-23 15:00:00,130.82,131.106,130.568,130.681,1664373,130.4083,130.7349,131.1744,130.4868,130.7124,131.2185,55.2347,47.8728,47.2518,130.1492,-0.0297,0.0868,-0.1165
2022-12-23 15:15:00,130.682,130.935,130.449,130.527,1504469,130.4361,130.7228,131.1374,130.4941,130.7051,131.2048,51.4768,47.2868,46.9426,130.165,-0.0227,0.075,-0.0977
2022-12-23 15:30:00,130.523,130.69,130.3,130.64,1723219,130.499,130.7179,131.1006,130.5206,130.7026,131.1936,54.0268,47.7655,47.1987,130.1786,-0.008,0.0718,-0.0798
2022-12-23 15:45:00,130.633,131.008,130.509,130.964,3368674,130.5536,130.7231,131.0673,130.6012,130.7128,131.189,60.6201,49.1176,47.9268,130.221,0.0295,0.0874,-0.0579
2022-12-23 16:00:00,130.95,131.097,130.687,130.905,4200601,130.6122,130.728,131.0335,130.6565,130.7204,131.1834,58.9107,48.8825,47.8056,130.272,0.0538,0.0894,-0.0356
2022-12-23 16:15:00,130.881,130.968,130.856,130.875,20955,130.6708,130.7374,131.0009,130.6962,130.7264,131.1773,57.9868,48.7614,47.7435,130.2722,0.0698,0.0843,-0.0145
2022-12-23 16:30:00,130.861,130.968,130.826,130.845,10351,130.716,130.7362,130.9691,130.7233,130.7311,131.1707,56.9937,48.6384,47.681,130.2723,0.0792,0.075,0.0042
2022-12-23 16:45:00,130.85,130.869,130.809,130.855,9023,130.7672,130.7366,130.9375,130.7472,130.736,131.1645,57.2648,48.6825,47.7041,130.2724,0.0864,0.0658,0.0207
2022-12-23 17:00:00,130.851,130.859,130.806,130.816,16393,130.7932,130.7338,130.9066,130.7597,130.7391,131.1576,55.7423,48.517,47.6214,130.2726,0.088,0.0539,0.0341
2022-12-23 17:15:00,130.831,130.869,130.806,130.835,4892,130.7943,130.7316,130.8754,130.7734,130.7429,131.1512,56.3702,48.6038,47.6661,130.2726,0.0898,0.0445,0.0453
2022-12-23 17:30:00,130.811,130.879,130.806,130.875,4211,130.8137,130.7281,130.8521,130.7919,130.748,131.1457,57.7717,48.7894,47.7607,130.2727,0.0933,0.0384,0.0549
2022-12-23 17:45:00,130.86,130.899,130.855,130.885,4934,130.8495,130.7209,130.8314,130.8088,130.7534,131.1405,58.1451,48.8365,47.7845,130.2727,0.0958,0.0328,0.0631
2022-12-23 18:00:00,130.871,130.889,130.846,130.885,1000,130.874,130.7086,130.8086,130.8227,130.7586,131.1355,58.1451,48.8365,47.7845,130.2727,0.0967,0.0269,0.0698
2022-12-23 18:15:00,130.861,130.869,130.806,130.845,2892,130.8621,130.6933,130.782,130.8267,130.762,131.1297,55.7121,48.6501,47.6957,130.2728,0.0931,0.0186,0.0744
2022-12-23 18:30:00,130.841,130.879,130.806,130.845,6032,130.8561,130.678,130.7624,130.83,130.7652,131.1241,55.7121,48.6501,47.6957,130.2728,0.0892,0.0118,0.0774
2022-12-23 18:45:00,130.821,130.859,130.816,130.845,3148,130.8531,130.6655,130.7446,130.8328,130.7683,131.1186,55.7121,48.6501,47.6957,130.2729,0.0851,0.0062,0.0789
2022-12-23 19:00:00,130.851,130.859,130.836,130.845,6579,130.8531,130.6538,130.7375,130.835,130.7713,131.1132,55.7121,48.6501,47.6957,130.2729,0.081,0.0016,0.0793
2022-12-23 19:15:00,130.851,130.859,130.836,130.845,2697,130.8521,130.6449,130.7357,130.8368,130.7742,131.1078,55.7121,48.6501,47.6957,130.273,0.0768,-0.002,0.0788
2022-12-23 19:30:00,130.841,130.859,130.816,130.845,4623,130.855,130.6375,130.7387,130.8383,130.777,131.1026,55.7121,48.6501,47.6957,130.273,0.0726,-0.005,0.0776
2022-12-23 19:45:00,130.841,130.859,130.747,130.756,7176,130.8471,130.623,130.7398,130.8233,130.7762,131.0958,47.4067,48.188,47.487,130.2731,0.0615,-0.0129,0.0744
2022-12-27 04:00:00,131.616,132.339,131.611,131.779,10292,130.9375,130.6336,130.7493,130.9971,130.8155,131.1093,81.8889,53.3817,50.0256,131.9097,0.1336,0.0474,0.0862
2022-12-27 04:15:00,131.745,131.753,131.422,131.51,3831,131.0,130.6377,130.7571,131.0903,130.8427,131.1172,68.7243,51.9835,49.3914,131.8153,0.1672,0.0648,0.1024
2022-12-27 04:30:00,131.536,131.743,131.531,131.739,3126,131.0854,130.6469,130.7707,131.2083,130.8779,131.1295,72.8524,53.0517,49.9372,131.7891,0.2098,0.0859,0.1239
2022-12-27 04:45:00,131.725,131.733,131.69,131.709,1456,131.1718,130.6516,130.7797,131.2993,130.9105,131.141,71.4791,52.8944,49.866,131.783,0.2384,0.0916,0.1468
2022-12-27 05:00:00,131.775,131.892,131.76,131.878,6587,131.2751,130.6443,130.7923,131.4045,130.9484,131.1556,74.4892,53.6838,50.2693,131.7987,0.2716,0.0999,0.1718
2022-12-27 05:15:00,131.884,131.922,131.79,131.818,2025,131.3724,130.6568,130.8115,131.4797,130.9825,131.1687,71.5119,53.3599,50.1247,131.802,0.2898,0.0944,0.1954
2022-12-27 05:30:00,131.804,131.852,131.79,131.798,2358,131.4677,130.673,130.8293,131.5376,131.0145,131.1812,70.4688,53.2506,50.0762,131.8029,0.2991,0.083,0.2161
2022-12-27 05:45:00,131.755,131.802,131.631,131.649,3400,131.5481,130.7052,130.8446,131.5578,131.0394,131.1905,62.8765,52.4341,49.7143,131.7917,0.291,0.06,0.2311
2022-12-27 06:00:00,131.636,131.663,131.571,131.58,5566,131.6216,130.7426,130.861,131.5619,131.0606,131.1982,59.5739,52.0569,49.5468,131.7648,0.276,0.0359,0.2401
2022-12-27 06:15:00,131.586,131.614,131.522,131.53,6532,131.699,130.7905,130.8804,131.5561,131.079,131.2047,57.1567,51.7815,49.4249,131.7345,0.257,0.0135,0.2435
2022-12-27 06:30:00,131.507,131.514,131.293,131.431,7371,131.6642,130.8274,130.8937,131.5333,131.0928,131.2092,52.4727,51.2338,49.1829,131.6894,0.2313,-0.0097,0.241
2022-12-27 06:45:00,131.358,131.564,131.353,131.481,9242,131.6613,130.8471,130.9095,131.5238,131.108,131.2146,54.5623,51.4982,49.3095,131.6559,0.2126,-0.0228,0.2353
2022-12-27 07:00:00,131.437,131.504,131.174,131.202,24549,131.6076,130.8522,130.9176,131.4653,131.1117,131.2144,42.8751,49.9562,48.6266,131.5528,0.1732,-0.0497,0.2229
2022-12-27 07:15:00,131.179,131.236,130.896,130.905,17267,131.5272,130.8707,130.9231,131.3634,131.1036,131.2082,34.2084,48.3826,47.913,131.4628,0.1166,-0.085,0.2016
2022-12-27 07:30:00,130.921,131.028,130.767,130.924,33622,131.4318,130.89,130.9302,131.2835,131.0966,131.2026,35.1403,48.4885,47.9624,131.3264,0.0726,-0.1033,0.1758
2022-12-27 07:45:00,130.94,131.008,130.717,130.726,14847,131.3226,130.9021,130.9314,131.1822,131.082,131.1932,30.1889,47.453,47.4889,131.2767,0.0214,-0.1236,0.1449
2022-12-27 08:00:00,131.467,131.801,130.598,130.765,107005,131.2193,130.9095,130.9361,131.1063,131.0696,131.1847,32.2773,47.6776,47.5918,131.185,-0.0158,-0.1286,0.1128
2022-12-27 08:15:00,130.732,130.899,130.727,130.805,47864,131.1349,130.9259,130.932,131.0515,131.0592,131.1772,34.5099,47.9106,47.698,131.1266,-0.0416,-0.1235,0.0819
2022-12-27 08:30:00,130.82,130.828,130.25,130.358,58175,131.0127,130.9263,130.9289,130.9254,131.0317,131.1609,24.4865,45.5954,46.6311,131.0233,-0.097,-0.1431,0.0461
2022-12-27 08:45:00,130.354,130.471,130.211,130.348,83053,130.8945,130.9214,130.9188,130.8204,131.0049,131.1448,24.311,45.5451,46.6076,130.8973,-0.1401,-0.149,0.0089
2022-12-27 09:00:00,130.315,130.611,130.282,130.438,59499,130.7952,130.9238,130.9119,130.7509,130.9827,131.1308,29.3735,46.0907,46.8517,130.8441,-0.1651,-0.1392,-0.0259
2022-12-27 09:15:00,130.444,130.769,130.131,130.468,85712,130.6939,130.9282,130.9046,130.6995,130.9625,131.1177,31.0808,46.2738,46.9333,130.7881,-0.1804,-0.1236,-0.0568
2022-12-27 09:30:00,130.523,130.531,128.979,129.156,4694949,130.4893,130.9111,130.8833,130.4188,130.8917,131.0789,14.2923,40.1839,43.9494,129.6937,-0.295,-0.1905,-0.1045
2022-12-27 09:45:00,129.153,129.16,128.294,128.461,3956574,130.2449,130.8719,130.8551,130.0629,130.7963,131.027,10.8445,37.5152,42.5035,129.242,-0.4368,-0.2659,-0.1709
2022-12-27 10:00:00,128.448,128.465,127.837,128.362,4209819,129.9887,130.8328,130.8269,129.7536,130.7009,130.9743,10.4457,37.1565,42.3032,128.9226,-0.5509,-0.304,-0.2469
2022-12-27 10:15:00,128.358,129.399,128.095,129.281,3504099,129.8442,130.8126,130.8074,129.6677,130.6452,130.9407,35.0737,42.3753,44.7443,128.9231,-0.5607,-0.251,-0.3097
2022-12-27 10:30:00,129.272,129.414,128.82,129.137,2588634,129.6814,130.7875,130.7863,129.5712,130.586,130.905,33.4712,41.82,44.4467,128.9497,-0.5734,-0.211,-0.3624
2022-12-27 10:45:00,129.133,129.538,128.87,128.961,2341509,129.497,130.7599,130.7632,129.4603,130.5223,130.8665,31.5156,41.1475,44.0847,128.9682,-0.5909,-0.1828,-0.4081
2022-12-27 11:00:00,128.964,129.071,128.294,128.471,2251213,129.3083,130.7182,130.7354,129.2804,130.4419,130.8191,26.6915,39.35,43.0975,128.935,-0.637,-0.1831,-0.4539
2022-12-27 11:15:00,128.467,128.908,128.378,128.844,2083439,129.1579,130.6786,130.7123,129.201,130.3792,130.78,35.0946,41.3405,44.0606,128.9171,-0.6361,-0.1457,-0.4903
2022-12-27 11:30:00,128.835,129.141,128.622,129.132,1874101,129.0273,130.6476,130.6912,129.1885,130.3303,130.7473,40.9059,42.8191,44.7895,128.9203,-0.6051,-0.0918,-0.5133
2022-12-27 11:45:00,129.129,129.26,128.949,129.067,1475422,128.8872,130.6184,130.6706,129.1664,130.2808,130.7141,40.0076,42.5719,44.6569,128.9289,-0.5792,-0.0527,-0.5265
2022-12-27 12:00:00,129.059,129.647,128.989,129.538,1701570,128.9254,130.5963,130.6571,129.234,130.2516,130.6908,49.0209,44.9223,45.8311,128.9541,-0.5147,0.0094,-0.5241
2022-12-27 12:15:00,129.54,129.558,129.009,129.047,1311120,128.984,130.558,130.6405,129.2,130.2044,130.6582,41.7546,43.0482,44.8295,128.9641,-0.4974,0.0213,-0.5188
2022-12-27 12:30:00,129.038,129.25,128.999,129.063,1202627,129.0541,130.5212,130.6246,129.1751,130.1596,130.6266,42.0656,43.1271,44.8692,128.9691,-0.477,0.0334,-0.5104
2022-12-27 12:45:00,129.053,129.299,128.79,129.246,1249267,129.0506,130.4886,130.613,129.188,130.1238,130.5993,45.7462,44.032,45.3232,128.9742,-0.4409,0.0556,-0.4965
2022-12-27 13:00:00,129.247,129.488,129.188,129.312,1290769,129.0681,130.4579,130.597,129.2105,130.092,130.5738,47.0931,44.3578,45.4868,128.9868,-0.4024,0.0753,-0.4777
2022-12-27 13:15:00,129.312,129.383,129.039,129.122,1119597,129.0842,130.4233,130.5799,129.1944,130.0539,130.5451,43.6285,43.612,45.0945,128.9926,-0.3828,0.0759,-0.4587
2022-12-27 13:30:00,129.108,129.28,128.999,129.117,1031484,129.1488,130.3893,130.5615,129.1803,130.0172,130.5168,43.5349,43.5923,45.0842,128.9964,-0.3634,0.0762,-0.4397
2022-12-27 13:45:00,129.108,129.18,128.731,128.794,1745956,129.1438,130.3485,130.54,129.1101,129.9692,130.4827,37.7228,42.333,44.4199,128.9923,-0.3699,0.0558,-0.4257
2022-12-27 14:00:00,128.795,129.111,128.761,129.087,1082528,129.1393,130.3127,130.5204,129.1059,129.9346,130.455,45.1089,43.8349,45.1603,128.9921,-0.3474,0.0627,-0.41
2022-12-27 14:15:00,129.087,129.2,128.969,129.047,1344783,129.1373,130.2759,130.4984,129.0952,129.8998,130.4272,44.3118,43.6764,45.0775,128.9946,-0.329,0.0649,-0.3938
2022-12-27 14:30:00,129.034,129.18,128.989,129.141,1066028,129.0976,130.2411,130.4748,129.1035,129.8701,130.4017,46.7681,44.1604,45.3155,128.9973,-0.3033,0.0724,-0.3757
2022-12-27 14:45:00,129.133,129.429,129.128,129.304,1270339,129.1233,130.2102,130.4518,129.14,129.8479,130.3799,50.9377,44.9968,45.7274,129.0055,-0.2667,0.0872,-0.3539
2022-12-27 15:00:00,129.297,129.419,129.108,129.355,1439320,129.1525,130.1804,130.4292,129.1791,129.8285,130.3596,52.2383,45.2586,45.8563,129.0144,-0.231,0.0984,-0.3293
2022-12-27 15:15:00,129.341,129.528,129.247,129.375,1692400,129.1654,130.151,130.4083,129.2147,129.8107,130.3402,52.7837,45.3626,45.9072,129.0274,-0.1987,0.1045,-0.3032
2022-12-27 15:30:00,129.381,129.707,129.333,129.477,1910077,129.1819,130.1237,130.3887,129.2624,129.7977,130.3231,55.6532,45.8978,46.1679,129.0456,-0.1631,0.1121,-0.2752
2022-12-27 15:45:00,129.471,129.505,129.049,129.166,3246717,129.1863,130.0901,130.3675,129.2449,129.7729,130.3001,46.1511,44.5404,45.4927,129.0575,-0.1581,0.0937,-0.2518
2022-12-27 16:00:00,129.163,129.22,129.098,129.186,5953354,129.1932,130.0569,130.3472,129.2342,129.7499,130.2781,46.8001,44.6478,45.5445,129.0686,-0.1508,0.0808,-0.2316
2022-12-27 16:15:00,129.173,129.27,129.168,129.206,28529,129.2344,130.0259,130.3245,129.229,129.7285,130.2569,47.5032,44.757,45.5966,129.0687,-0.1417,0.0719,-0.2136
2022-12-27 16:30:00,129.232,129.25,129.108,129.127,24064,129.2384,129.9729,130.3032,129.2105,129.705,130.2345,44.899,44.404,45.4231,129.0687,-0.1393,0.0594,-0.1987
2022-12-27 16:45:00,129.133,129.209,129.088,129.137,27074,129.2474,129.9254,130.2816,129.1971,129.6827,130.2128,45.3206,44.4606,45.4496,129.0687,-0.1351,0.0509,-0.186
2022-12-27 17:00:00,129.073,129.2,129.029,129.097,29580,129.243,129.8726,130.2597,129.1789,129.6597,130.1907,43.8302,44.2766,45.3604,129.0687,-0.1334,0.0421,-0.1755
2022-12-27 17:15:00,129.093,129.17,128.999,129.097,26704,129.2223,129.8203,130.236,129.164,129.6376,130.169,43.8302,44.2766,45.3604,129.0688,-0.1305,0.036,-0.1665
2022-12-27 17:30:00,129.053,129.15,129.029,129.077,8941,129.1945,129.7643,130.2043,129.1482,129.6157,130.1474,42.9581,44.1815,45.3151,129.0688,-0.1284,0.0305,-0.1589
2022-12-27 17:45:00,129.093,129.101,129.039,129.077,6855,129.1647,129.7095,130.1831,129.1353,129.5945,130.1262,42.9581,44.1815,45.3151,129.0688,-0.1253,0.0269,-0.1522
2022-12-27 18:00:00,129.113,129.26,129.068,129.196,7357,129.1366,129.6575,130.1652,129.1463,129.5789,130.1078,50.232,44.915,45.645,129.0688,-0.1119,0.0322,-0.1441
2022-12-27 18:15:00,129.173,129.21,129.138,129.147,8494,129.1347,129.6074,130.1563,129.1464,129.562,130.0887,47.4629,44.6683,45.5308,129.0688,-0.1041,0.032,-0.1361
2022-12-27 18:30:00,129.163,129.21,129.158,129.176,9212,129.1337,129.5593,130.1509,129.1518,129.5468,130.0707,49.3008,44.8512,45.6121,129.0688,-0.0944,0.0333,-0.1278
2022-12-27 18:45:00,129.163,129.17,129.009,129.087,7121,129.1218,129.5105,130.1505,129.14,129.5288,130.0512,44.0465,44.3917,45.4019,129.0688,-0.0929,0.0279,-0.1208
2022-12-27 19:00:00,129.113,129.22,129.078,129.147,4165,129.1238,129.4648,130.1461,129.1413,129.5138,130.0333,48.1832,44.7809,45.5727,129.0688,-0.0859,0.0279,-0.1138
2022-12-27 19:15:00,129.123,129.131,129.039,129.117,4629,129.1218,129.4175,130.1323,129.1369,129.4983,130.0151,46.2823,44.6216,45.5008,129.0688,-0.0818,0.0256,-0.1074
2022-12-27 19:30:00,129.113,129.121,129.009,129.097,4835,129.1218,129.3754,130.1138,129.1296,129.4825,129.997,44.9681,44.5138,45.4525,129.0688,-0.0792,0.0226,-0.1018
2022-12-27 19:45:00,129.053,129.061,128.612,128.62,19064,129.0741,129.3297,130.1002,129.037,129.4487,129.9697,25.6604,42.0435,44.3191,129.0687,-0.1144,-0.0101,-0.1043
2022-12-28 04:00:00,129.629,129.637,128.631,128.64,17416,129.0304,129.284,130.087,128.9648,129.417,129.9434,27.1182,42.1808,44.3778,128.9693,-0.139,-0.0278,-0.1112
2022-12-28 04:15:00,128.716,128.843,128.711,128.719,5372,128.9946,129.2439,130.073,128.9201,129.3896,129.9191,32.894,42.7276,44.611,128.9194,-0.1504,-0.0314,-0.1191
2022-12-28 04:30:00,128.726,128.902,128.721,128.849,1443,128.9599,129.2056,130.0575,128.9072,129.3684,129.8979,41.387,43.6229,44.9942,128.9138,-0.1473,-0.0226,-0.1247
2022-12-28 04:45:00,128.805,128.962,128.79,128.958,2803,128.941,129.1686,130.0472,128.9164,129.3523,129.8793,47.569,44.3669,45.3147,128.9127,-0.1344,-0.0078,-0.1267
2022-12-28 05:00:00,129.004,129.081,128.999,129.077,7068,128.9311,129.143,130.0347,128.9456,129.3415,129.8634,53.5162,45.173,45.6638,128.9416,-0.1134,0.0106,-0.124
2022-12-28 05:15:00,129.043,129.071,128.999,129.027,3174,128.9251,129.1166,130.019,128.9604,129.3292,129.8469,50.8247,44.8941,45.5404,128.9493,-0.0996,0.0196,-0.1191
2022-12-28 05:30:00,128.924,128.932,128.84,128.868,4229,128.8972,129.0852,130.0045,128.9436,129.3111,129.8275,43.156,44.0124,45.1485,128.9423,-0.1003,0.0151,-0.1153
2022-12-28 05:45:00,128.865,129.121,128.86,129.117,11486,128.8972,129.0582,129.9932,128.9751,129.3035,129.8134,54.9767,45.7161,45.8851,128.9619,-0.0798,0.0284,-0.1082
2022-12-28 06:00:00,129.083,129.22,129.029,129.117,5045,128.8992,129.0574,129.9842,129.0009,129.2962,129.7996,54.9767,45.7161,45.8851,128.9758,-0.0629,0.0363,-0.0992
2022-12-28 06:15:00,129.153,129.17,128.959,128.968,4556,128.934,129.0675,129.9697,128.9949,129.2833,129.7831,47.6557,44.8654,45.512,128.9799,-0.0608,0.0307,-0.0915
2022-12-28 06:30:00,128.954,128.972,128.919,128.928,841,128.9628,129.0789,129.9558,128.9828,129.2694,129.7662,45.835,44.6379,45.4118,128.9794,-0.0617,0.0239,-0.0855
2022-12-28 06:45:00,128.924,129.359,128.919,129.216,5720,129.0125,129.0776,129.9451,129.0252,129.2673,129.7553,58.5144,46.6265,46.2716,128.9947,-0.0387,0.0375,-0.0762
2022-12-28 07:00:00,129.212,129.597,129.068,129.405,16084,129.0681,129.0829,129.9352,129.0942,129.2727,129.7484,64.5631,47.8801,46.8267,129.063,-0.0051,0.0568,-0.062
2022-12-28 07:15:00,129.421,129.429,129.317,129.375,2174,129.1098,129.0912,129.9255,129.1453,129.2767,129.741,62.9445,47.6987,46.7493,129.0707,0.0188,0.0646,-0.0458
2022-12-28 07:30:00,129.381,129.538,129.307,129.375,2367,129.1396,129.1093,129.9137,129.187,129.2806,129.7337,62.9445,47.6987,46.7493,129.0796,0.0374,0.0665,-0.0292
2022-12-28 07:45:00,129.381,129.419,129.337,129.365,4461,129.1734,129.1197,129.8991,129.2194,129.2839,129.7264,62.3017,47.636,46.723,129.0935,0.0507,0.0639,-0.0132
2022-12-28 08:00:00,129.262,129.548,128.651,129.246,69788,129.2112,129.122,129.8848,129.2242,129.2824,129.7169,54.8905,46.8881,46.4094,129.1168,0.051,0.0514,-0.0004
2022-12-28 08:15:00,129.282,129.386,129.118,129.156,28399,129.2151,129.1238,129.8711,129.2118,129.2774,129.7058,49.902,46.3267,46.1726,129.1321,0.0435,0.0351,0.0084
2022-12-28 08:30:00,129.153,129.16,128.91,128.953,31875,129.1987,129.1121,129.8542,129.1648,129.2647,129.6909,40.6448,45.0844,45.6421,129.1144,0.021,0.0101,0.0109
2022-12-28 08:45:00,128.964,129.032,128.89,128.988,34955,129.2007,129.1109,129.8344,129.1326,129.2538,129.677,42.6818,45.3423,45.7507,129.0949,0.0059,-0.0041,0.0099
2022-12-28 09:00:00,128.954,129.2,128.939,129.196,38169,129.2275,129.1135,129.8173,129.1442,129.2516,129.6675,53.271,46.8556,46.3933,129.0971,0.0105,0.0005,0.01
2022-12-28 09:15:00,129.182,129.349,128.612,128.719,83844,129.1778,129.103,129.7958,129.0669,129.2307,129.6487,36.2204,44.0045,45.1543,129.0523,-0.024,-0.0272,0.0032
2022-12-28 09:30:00,128.845,130.141,128.244,129.464,5235415,129.1837,129.106,129.782,129.1391,129.2398,129.645,58.996,48.9546,47.3716,129.2673,0.0087,0.0044,0.0043
2022-12-28 09:45:00,129.471,129.806,128.91,129.107,2719688,129.1569,129.1057,129.7645,129.1332,129.2346,129.6344,49.571,46.9262,46.4624,129.2696,0.0057,0.0011,0.0046
2022-12-28 10:00:00,129.088,129.627,129.009,129.186,2247138,129.138,129.1071,129.7482,129.1428,129.2327,129.6255,51.477,47.4181,46.6911,129.2705,0.0096,0.004,0.0056
2022-12-28 10:15:00,129.194,129.568,128.651,128.774,2313417,129.0789,129.1067,129.7276,129.0758,129.2147,129.6086,42.2283,45.189,45.6635,129.2216,-0.0203,-0.0207,0.0004
2022-12-28 10:30:00,128.755,129.086,128.403,128.451,2320082,128.9994,129.094,129.7033,128.9622,129.1848,129.5857,36.5138,43.5512,44.8813,129.1339,-0.0693,-0.0558,-0.0135
2022-12-28 10:45:00,128.438,128.713,127.181,127.19,3300416,128.8028,129.0569,129.6664,128.64,129.1066,129.5383,23.0078,38.0565,42.0415,128.8774,-0.2074,-0.1551,-0.0523
2022-12-28 11:00:00,127.196,127.353,126.645,126.698,4054540,128.5773,129.008,129.6245,128.2869,129.0121,129.482,19.8283,36.2363,41.0186,128.522,-0.3526,-0.2402,-0.1123
2022-12-28 11:15:00,126.69,127.025,126.427,126.753,3034338,128.3538,128.957,129.5836,128.008,128.9235,129.428,21.1812,36.5823,41.1802,128.3102,-0.4579,-0.2764,-0.1815
2022-12-28 11:30:00,126.759,127.015,125.99,126.44,4063928,128.0782,128.8987,129.5396,127.7229,128.8261,129.3688,19.139,35.4648,40.5417,128.0598,-0.5601,-0.303,-0.2572
2022-12-28 11:45:00,126.431,126.444,125.592,125.764,3085136,127.7827,128.8265,129.4887,127.3667,128.706,129.2974,15.5428,33.2278,39.2152,127.8595,-0.6878,-0.3445,-0.3433
2022-12-28 12:00:00,125.751,125.982,125.583,125.618,2355449,127.3981,128.7493,129.4365,127.0488,128.5849,129.2246,14.8722,32.7723,38.9372,127.7165,-0.7916,-0.3587,-0.433
2022-12-28 12:15:00,125.611,126.022,125.543,125.929,2075773,127.0803,128.6845,129.3873,126.8452,128.4808,129.1593,22.7598,34.7177,39.8544,127.6112,-0.8391,-0.3249,-0.5142
2022-12-28 12:30:00,125.945,126.33,125.92,126.249,2478878,126.7866,128.6258,129.3414,126.7368,128.3933,129.1017,30.1581,36.6427,40.7789,127.5209,-0.8413,-0.2617,-0.5796
2022-12-28 12:45:00,126.243,126.871,126.228,126.768,2148273,126.586,128.577,129.3015,126.7425,128.3295,129.0555,40.439,39.5907,42.2336,127.4748,-0.792,-0.1699,-0.6221
2022-12-28 13:00:00,126.769,127.522,126.675,127.059,2585921,126.4468,128.5357,129.2543,126.8,128.2797,129.0159,45.4422,41.1572,43.0262,127.4521,-0.7211,-0.0792,-0.6419
2022-12-28 13:15:00,127.047,127.114,126.466,126.571,1551886,126.3849,128.4844,129.2049,126.7584,128.2127,128.9675,39.2921,39.4085,42.0489,127.4273,-0.6963,-0.0435,-0.6528
2022-12-28 13:30:00,126.561,126.578,126.059,126.217,1737764,126.3368,128.4268,129.1497,126.6599,128.1344,128.9131,35.4276,38.2069,41.3605,127.3856,-0.6971,-0.0355,-0.6616
2022-12-28 13:45:00,126.203,126.379,125.97,126.222,1518751,126.2837,128.3693,129.0948,126.5803,128.0594,128.8598,35.5271,38.234,41.3742,127.3487,-0.6895,-0.0223,-0.6672
2022-12-28 14:00:00,126.223,126.33,126.0,126.296,1313674,126.2693,128.3136,129.039,126.5286,127.9903,128.809,37.1207,38.6411,41.5782,127.3191,-0.6697,-0.002,-0.6677
2022-12-28 14:15:00,126.292,126.3,126.039,126.175,1292521,126.3104,128.2556,128.9826,126.4643,127.9191,128.7568,35.5253,38.2208,41.3407,127.2905,-0.6562,0.0092,-0.6654
2022-12-28 14:30:00,126.173,126.518,125.94,126.495,1787089,126.3981,128.2016,128.9295,126.4699,127.8632,128.7121,42.7547,39.9823,42.2224,127.258,-0.6127,0.0422,-0.6549
2022-12-28 14:45:00,126.481,126.638,125.94,125.978,1752825,126.403,128.1382,128.8728,126.3805,127.7893,128.6579,35.5908,38.1873,41.2115,127.2241,-0.6128,0.0336,-0.6464
2022-12-28 15:00:00,125.965,125.982,125.146,125.164,2902806,126.2945,128.058,128.8086,126.1593,127.6864,128.5887,27.5231,35.6181,39.6997,127.1347,-0.6709,-0.0195,-0.6513
2022-12-28 15:15:00,125.15,125.466,125.056,125.333,2804117,126.151,127.9829,128.7467,126.0091,127.5941,128.5243,31.1247,36.5229,40.1601,127.0498,-0.6952,-0.0351,-0.6601
2022-12-28 15:30:00,125.324,125.416,125.016,125.045,3173176,125.9496,127.9008,128.6828,125.8338,127.4941,128.4554,28.448,35.6517,39.6392,126.9564,-0.7294,-0.0554,-0.674
2022-12-28 15:45:00,125.046,125.346,125.007,125.194,4769172,125.8119,127.8224,128.62,125.7175,127.4039,128.3908,31.8187,36.4519,40.0456,126.8337,-0.7359,-0.0496,-0.6863
2022-12-28 16:00:00,125.19,125.461,125.136,125.402,5762516,125.7304,127.7485,128.562,125.6601,127.3254,128.3316,36.4614,37.5581,40.6094,126.7181,-0.7161,-0.0238,-0.6923
2022-12-28 16:15:00,125.379,125.426,125.158,125.273,43749,125.6355,127.6815,128.5056,125.5897,127.2449,128.271,34.8272,37.1489,40.3715,126.7172,-0.7026,-0.0083,-0.6944
2022-12-28 16:30:00,125.26,125.386,125.235,125.382,22852,125.5441,127.6164,128.4502,125.5519,127.1719,128.2138,37.4589,37.7338,40.6681,126.7168,-0.6754,0.0152,-0.6906
2022-12-28 16:45:00,125.379,125.426,125.175,125.402,134697,125.4668,127.55,128.397,125.5247,127.1025,128.1581,37.9695,37.8421,40.7228,126.7143,-0.6448,0.0366,-0.6814
2022-12-28 17:00:00,125.359,125.421,125.175,125.317,66609,125.349,127.4794,128.3425,125.4869,127.0324,128.1019,36.5599,37.5588,40.5624,126.7131,-0.6202,0.0489,-0.6692
2022-12-28 17:15:00,125.18,125.366,125.175,125.243,109099,125.2755,127.4051,128.2869,125.4426,126.9623,128.0453,35.2924,37.3106,40.4224,126.711,-0.5998,0.0555,-0.6553
2022-12-28 17:30:00,125.2,125.287,125.185,125.243,11781,125.2834,127.3284,128.2357,125.4063,126.8948,127.9898,35.2924,37.3106,40.4224,126.7107,-0.577,0.0626,-0.6397
2022-12-28 17:45:00,125.24,125.297,125.195,125.243,24447,125.2744,127.2527,128.1847,125.3766,126.8301,127.9354,35.2924,37.3106,40.4224,126.7103,-0.5526,0.0697,-0.6222
2022-12-28 18:00:00,125.279,125.426,125.275,125.343,17291,125.3042,127.1822,128.1337,125.3705,126.7717,127.8841,39.1997,37.8998,40.7074,126.7099,-0.5191,0.0825,-0.6016
2022-12-28 18:15:00,125.339,125.386,125.295,125.362,18641,125.321,127.1071,128.0827,125.3689,126.7165,127.8341,39.965,38.0127,40.7618,126.7096,-0.4855,0.0929,-0.5784
2022-12-28 18:30:00,125.359,125.406,125.353,125.382,8961,125.319,127.0324,128.0449,125.3713,126.6641,127.7856,40.836,38.1336,40.8195,126.7095,-0.452,0.1011,-0.5531
2022-12-28 18:45:00,125.349,125.406,125.344,125.402,3733,125.3319,126.9611,128.0143,125.3769,126.6146,127.7384,41.7746,38.2564,40.8777,126.7094,-0.4191,0.1073,-0.5263
2022-12-28 19:00:00,125.398,125.436,125.364,125.412,13936,125.3349,126.8908,127.9848,125.3833,126.5675,127.6923,42.2833,38.3189,40.907,126.7091,-0.3876,0.1109,-0.4986
2022-12-28 19:15:00,125.418,125.426,125.295,125.333,13743,125.328,126.8131,127.9453,125.3741,126.5191,127.6456,39.2716,38.0088,40.7457,126.7089,-0.3649,0.1069,-0.4718
2022-12-28 19:30:00,125.339,125.386,125.304,125.372,5056,125.3335,126.7325,127.9077,125.3737,126.4741,127.6006,41.5551,38.2605,40.862,126.7088,-0.3399,0.1056,-0.4454
2022-12-28 19:45:00,125.359,125.466,125.354,125.462,14546,125.3554,126.6542,127.8727,125.3898,126.4344,127.5582,46.6943,38.8451,41.1314,126.7086,-0.3092,0.109,-0.4182
2022-12-29 04:00:00,125.955,125.962,125.652,125.809,18424,125.412,126.5829,127.8461,125.466,126.4099,127.5236,61.2802,41.0415,42.1576,125.8077,-0.2539,0.1314,-0.3853
2022-12-29 04:15:00,125.845,126.042,125.831,125.948,5710,125.4825,126.5146,127.8171,125.5536,126.3918,127.4924,65.4838,41.8946,42.5627,125.8391,-0.1966,0.151,-0.3476
2022-12-29 04:30:00,125.955,125.962,125.841,125.859,4299,125.5341,126.4468,127.7844,125.6092,126.3709,127.46,60.7887,41.5023,42.3708,125.8464,-0.1566,0.1528,-0.3094
2022-12-29 04:45:00,125.905,126.042,125.88,125.978,4726,125.5957,126.3833,127.7535,125.6762,126.3555,127.4307,64.5634,42.2402,42.7196,125.8635,-0.114,0.1563,-0.2703
2022-12-29 05:00:00,125.975,125.982,125.88,125.978,4237,125.6553,126.3238,127.7179,125.7311,126.3407,127.4019,64.5634,42.2402,42.7196,125.8729,-0.0793,0.1528,-0.2321
2022-12-29 05:15:00,125.984,125.992,125.841,125.859,4163,125.701,126.2612,127.686,125.7544,126.3218,127.3714,57.7053,41.6926,42.4574,125.8754,-0.0607,0.1371,-0.1978
2022-12-29 05:30:00,125.895,126.032,125.88,126.018,4754,125.7616,126.1976,127.6556,125.8023,126.3099,127.3446,63.4665,42.7054,42.9302,125.8858,-0.0328,0.1321,-0.1648
2022-12-29 05:45:00,126.014,126.061,125.97,126.038,8503,125.8321,126.144,127.6235,125.8451,126.2992,127.3187,64.1491,42.8328,42.9897,125.9071,-0.0089,0.1247,-0.1336
2022-12-29 06:00:00,126.064,126.29,126.059,126.266,14268,125.9215,126.08,127.593,125.9217,126.2979,127.2978,71.0094,44.2748,43.6662,125.9686,0.0281,0.1294,-0.1013
2022-12-29 06:15:00,126.213,126.29,126.168,126.217,6863,125.997,126.0222,127.564,125.9754,126.2947,127.2764,67.9064,44.0312,43.554,125.9918,0.0528,0.1233,-0.0705
2022-12-29 06:30:00,126.233,126.34,126.139,126.236,13205,126.0397,125.9632,127.5352,126.0227,126.2924,127.2558,68.4995,44.1528,43.6108,126.0283,0.0731,0.1149,-0.0417
2022-12-29 06:45:00,126.163,126.409,126.159,126.385,8243,126.0834,125.9155,127.5111,126.0886,126.296,127.2386,72.8681,45.1068,44.0563,126.0528,0.1001,0.1135,-0.0134
2022-12-29 07:00:00,126.332,126.737,126.238,126.673,77968,126.1648,125.8799,127.4869,126.1949,126.3108,127.2274,79.0947,46.8961,44.9062,126.2735,0.1431,0.1251,0.0179
2022-12-29 07:15:00,126.67,126.687,126.238,126.445,31022,126.2115,125.865,127.4609,126.2403,126.3161,127.2119,65.8098,45.693,44.3672,126.3011,0.1569,0.1112,0.0457
2022-12-29 07:30:00,126.441,126.449,126.198,126.286,13062,126.2423,125.8568,127.4324,126.2486,126.3149,127.1936,58.2312,44.8737,43.9952,126.3017,0.1533,0.086,0.0672
2022-12-29 07:45:00,126.292,126.449,126.288,126.435,12217,126.2999,125.8504,127.4037,126.2825,126.3196,127.1785,62.7033,45.8029,44.4362,126.3064,0.1606,0.0747,0.0859
2022-12-29 08:00:00,126.362,126.757,125.265,126.544,181288,126.3525,125.8525,127.3756,126.3301,126.3284,127.166,65.6893,46.4763,44.7576,126.2547,0.1731,0.0698,0.1033
2022-12-29 08:15:00,126.58,126.618,126.506,126.524,46960,126.4011,125.8677,127.3471,126.3653,126.3361,127.1533,64.6343,46.3685,44.7096,126.2848,0.1794,0.0609,0.1185
2022-12-29 08:30:00,126.527,127.253,126.387,127.22,246934,126.4965,125.8997,127.3245,126.5207,126.3708,127.1546,78.1827,50.4523,46.7154,126.5183,0.2378,0.0954,0.1424
2022-12-29 08:45:00,127.226,127.253,126.891,127.14,162645,126.5888,125.9239,127.3042,126.6333,126.4009,127.1543,74.5359,50.0057,46.5195,126.6261,0.2745,0.1057,0.1688
2022-12-29 09:00:00,127.107,127.233,127.072,127.12,91677,126.6772,125.9414,127.2836,126.7218,126.4291,127.1536,73.5825,49.8931,46.4702,126.6753,0.2985,0.1037,0.1948
2022-12-29 09:15:00,127.107,127.323,126.953,127.18,143516,126.7567,125.9496,127.2633,126.8051,126.4586,127.1541,74.6628,50.2363,46.6413,126.7372,0.3187,0.0991,0.2195
2022-12-29 09:30:00,127.117,128.892,126.854,128.362,7941585,126.9256,125.9757,127.2557,127.0882,126.5332,127.1781,86.6302,56.2593,49.8318,127.8774,0.4252,0.1645,0.2607
2022-12-29 09:45:00,128.358,128.574,127.738,127.875,4229169,127.0686,126.0017,127.243,127.2312,126.5858,127.1919,71.2286,53.5352,48.6219,127.9363,0.4649,0.1634,0.3015
2022-12-29 10:00:00,127.867,128.197,127.311,127.716,3602972,127.2116,126.0317,127.2292,127.3194,126.6301,127.2022,66.9131,52.6853,48.2356,127.8947,0.478,0.1412,0.3368
2022-12-29 10:15:00,127.713,128.703,127.708,128.511,3658286,127.4192,126.0775,127.2234,127.536,126.7039,127.2282,75.2454,56.2305,50.2323,127.9682,0.5463,0.1676,0.3787
2022-12-29 10:30:00,128.507,128.783,128.254,128.568,2470764,127.6216,126.1229,127.2183,127.7237,126.777,127.2547,75.7322,56.4691,50.3709,128.0291,0.5981,0.1755,0.4226
2022-12-29 10:45:00,128.565,129.101,128.244,129.071,2536035,127.8763,126.1809,127.2182,127.9686,126.867,127.2907,79.6554,58.5062,51.5734,128.1061,0.672,0.1995,0.4725
2022-12-29 11:00:00,129.073,129.18,128.552,128.65,2378795,128.0193,126.224,127.2128,128.0925,126.9369,127.3176,69.2449,56.2578,50.5382,128.1647,0.6887,0.173,0.5157
2022-12-29 11:15:00,128.646,129.16,128.572,128.968,2413348,128.2021,126.2838,127.211,128.2517,127.0165,127.3503,72.2849,57.5162,51.2842,128.2232,0.7192,0.1628,0.5564
2022-12-29 11:30:00,128.974,129.26,128.9,129.027,2493641,128.3928,126.361,127.2095,128.3927,127.0954,127.3835,72.8384,57.7463,51.4216,128.287,0.7397,0.1466,0.5931
2022-12-29 11:45:00,129.016,129.599,128.979,129.217,2013707,128.5965,126.4387,127.2108,128.5425,127.1786,127.4198,74.6498,58.4853,51.863,128.3435,0.7625,0.1355,0.627
2022-12-29 12:00:00,129.222,129.299,128.979,129.037,1563479,128.664,126.5185,127.2097,128.6324,127.2515,127.4518,69.7531,57.5129,51.4159,128.3762,0.7572,0.1042,0.653
2022-12-29 12:15:00,129.034,129.488,128.929,129.115,1876602,128.788,126.597,127.2097,128.7202,127.3245,127.4847,70.6792,57.823,51.5985,128.4155,0.7507,0.0782,0.6726
2022-12-29 12:30:00,129.105,129.218,128.651,128.819,1846171,128.8983,126.6653,127.2069,128.7381,127.3831,127.5111,62.5981,56.2338,50.8656,128.4376,0.7135,0.0327,0.6807
2022-12-29 12:45:00,128.815,129.106,128.622,128.958,1475644,128.943,126.739,127.2103,128.7781,127.4449,127.5398,64.7038,56.8027,51.1945,128.4538,0.6873,0.0052,0.682
2022-12-29 13:00:00,128.959,129.051,128.438,128.605,1577836,128.9467,126.8035,127.2099,128.7466,127.4904,127.5609,55.8341,54.9518,50.3304,128.4627,0.6307,-0.0411,0.6718
2022-12-29 13:15:00,128.597,128.852,128.522,128.64,1346858,128.9036,126.8682,127.2091,128.7273,127.5355,127.5823,56.4911,55.0998,50.4142,128.469,0.582,-0.0718,0.6538
2022-12-29 13:30:00,128.636,129.001,128.517,128.938,1315904,128.9324,126.9406,127.21,128.7656,127.5905,127.6091,61.8592,56.3461,51.1236,128.4791,0.561,-0.0743,0.6353
2022-12-29 13:45:00,128.944,129.195,128.771,129.152,1390435,128.9508,127.0188,127.212,128.8358,127.6517,127.6397,65.2774,57.2162,51.6255,128.4956,0.5552,-0.064,0.6193
2022-12-29 14:00:00,129.143,129.359,129.088,129.156,1547539,128.9637,127.0971,127.2127,128.894,127.7107,127.6697,65.3419,57.2325,51.6349,128.5179,0.5447,-0.0597,0.6043
2022-12-29 14:15:00,129.162,129.359,129.088,129.117,1181006,128.9537,127.1746,127.2136,128.9346,127.7659,127.6983,64.0528,57.0169,51.5365,128.5338,0.5271,-0.0618,0.5889
2022-12-29 14:30:00,129.115,129.22,129.009,129.077,1224512,128.9577,127.2492,127.2157,128.9605,127.8173,127.7256,62.6443,56.793,51.435,128.5474,0.5041,-0.0678,0.5719
2022-12-29 14:45:00,129.063,129.111,128.84,128.893,1297157,128.9355,127.3199,127.2135,128.9482,127.8595,127.7488,56.315,55.7651,50.9683,128.5573,0.4657,-0.085,0.5507
2022-12-29 15:00:00,128.88,129.091,128.81,128.895,1567509,128.9431,127.3901,127.2113,128.9385,127.9001,127.7715,56.3682,55.774,50.9732,128.5681,0.4305,-0.0962,0.5266
2022-12-29 15:15:00,128.894,129.136,128.81,129.067,1596070,128.954,127.4634,127.2123,128.9619,127.9458,127.7971,60.9195,56.5395,51.3937,128.5807,0.4117,-0.092,0.5036
2022-12-29 15:30:00,129.063,129.309,129.049,129.177,1638337,129.0112,127.5387,127.2148,129.001,127.9941,127.8244,63.6163,57.0248,51.6616,128.5977,0.401,-0.0821,0.4831
2022-12-29 15:45:00,129.173,129.339,128.671,128.719,3982929,129.0191,127.6064,127.2098,128.9497,128.0225,127.8421,48.2217,54.4416,50.4914,128.618,0.3516,-0.1052,0.4568
2022-12-29 16:00:00,128.726,128.783,128.681,128.739,6369937,128.9992,127.6738,127.2031,128.9114,128.0506,127.8599,48.8226,54.5334,50.5408,128.629,0.3104,-0.1171,0.4275
2022-12-29 16:15:00,128.726,128.733,128.612,128.63,130563,128.947,127.7371,127.1957,128.8602,128.0734,127.8752,45.6169,53.9292,50.2647,128.629,0.2659,-0.1293,0.3952
2022-12-29 16:30:00,128.616,128.733,128.562,128.62,52413,128.8934,127.7934,127.1881,128.8166,128.0948,127.8899,45.3136,53.8733,50.2392,128.629,0.2273,-0.1344,0.3616
2022-12-29 16:45:00,128.636,128.664,128.612,128.64,8376,128.8457,127.8472,127.1809,128.7845,128.1162,127.9048,46.1098,53.9706,50.29,128.629,0.196,-0.1325,0.3285
2022-12-29 17:00:00,128.616,128.684,128.572,128.66,13316,128.804,127.9032,127.175,128.7618,128.1375,127.9197,46.9677,54.0695,50.3413,128.629,0.1708,-0.1261,0.297
2022-12-29 17:15:00,128.656,128.674,128.532,128.59,21956,128.7737,127.9555,127.1694,128.7306,128.1552,127.933,44.2294,53.6578,50.1585,128.629,0.1436,-0.1227,0.2663
2022-12-29 17:30:00,128.567,128.604,128.542,128.6,7599,128.7442,128.0079,127.1658,128.7068,128.1727,127.9462,44.7408,53.7092,50.1846,128.629,0.1214,-0.1159,0.2373
2022-12-29 17:45:00,128.606,128.644,128.55,128.64,15564,128.7015,128.0635,127.1623,128.6947,128.191,127.9599,46.9046,53.9177,50.2898,128.629,0.1058,-0.1052,0.211
2022-12-29 18:00:00,128.636,128.644,128.443,128.451,14884,128.6289,128.1122,127.1549,128.6504,128.2012,127.9697,38.9064,52.7715,49.7881,128.629,0.0774,-0.1069,0.1843
2022-12-29 18:15:00,128.448,128.555,128.443,128.531,5634,128.6101,128.162,127.153,128.6287,128.2141,127.9808,43.4422,53.2012,50.0013,128.629,0.0605,-0.099,0.1595
2022-12-29 18:30:00,128.527,128.535,128.443,128.451,2558,128.5813,128.2057,127.1429,128.5964,128.2234,127.9901,40.1316,52.7118,49.7877,128.629,0.0403,-0.0954,0.1357
2022-12-29 18:45:00,128.467,128.515,128.423,128.511,8406,128.5694,128.2516,127.1369,128.5809,128.2347,128.0004,43.7066,53.0424,49.9497,128.629,0.0288,-0.0855,0.1143
2022-12-29 19:00:00,128.467,128.485,128.423,128.451,3667,128.5525,128.2959,127.1296,128.5572,128.2432,128.0093,40.9871,52.6667,49.7875,128.629,0.0146,-0.0798,0.0944
2022-12-29 19:15:00,128.448,128.455,128.373,128.402,8168,128.5287,128.3363,127.1259,128.529,128.2494,128.0171,38.7967,52.3576,49.6545,128.6289,-0.0006,-0.0759,0.0754
2022-12-29 19:30:00,128.368,128.406,128.343,128.392,11848,128.5019,128.3706,127.1253,128.5041,128.255,128.0245,38.3322,52.2937,49.6271,128.6289,-0.0132,-0.0709,0.0577
2022-12-29 19:45:00,128.378,128.406,128.324,128.372,12562,128.4801,128.4092,127.1371,128.4801,128.2596,128.0314,37.3387,52.1638,49.572,128.6288,-0.0246,-0.0658,0.0412
2022-12-30 04:00:00,128.12,128.316,127.867,128.054,14047,128.4255,128.4445,127.1506,128.4026,128.2515,128.0319,25.6117,50.1425,48.7031,128.079,-0.0586,-0.0798,0.0212
2022-12-30 04:15:00,128.1,128.127,127.877,127.925,4109,128.354,128.4743,127.1624,128.3158,128.2387,128.0297,22.4357,49.3509,48.3557,128.0558,-0.0949,-0.0929,-0.002
2022-12-30 04:30:00,127.971,128.028,127.966,128.014,3607,128.3103,128.5037,127.1781,128.2609,128.2299,128.0294,29.169,49.9076,48.6111,128.047,-0.1151,-0.0905,-0.0246
2022-12-30 04:45:00,128.001,128.306,127.966,128.223,6110,128.2795,128.5377,127.2027,128.254,128.2296,128.0333,42.2498,51.1931,49.2069,128.0728,-0.1129,-0.0707,-0.0423
2022-12-30 05:00:00,128.219,128.237,128.105,128.114,3893,128.2458,128.5556,127.2277,128.2286,128.2251,128.0349,38.1655,50.5034,48.9082,128.0825,-0.1187,-0.0611,-0.0575
2022-12-30 05:15:00,128.03,128.127,127.966,128.124,4048,128.2071,128.5753,127.2496,128.2095,128.2211,128.0366,38.7689,50.5658,48.937,128.0814,-0.121,-0.0508,-0.0702
2022-12-30 05:30:00,128.16,128.257,128.095,128.253,3161,128.1873,128.5979,127.2696,128.2174,128.2224,128.0409,46.2822,51.3721,49.3083,128.0911,-0.1112,-0.0328,-0.0784
2022-12-30 05:45:00,128.299,128.306,128.254,128.263,4116,128.1734,128.6196,127.2846,128.2257,128.224,128.0453,46.844,51.4348,49.3372,128.1086,-0.1014,-0.0184,-0.083
2022-12-30 06:00:00,128.289,128.296,128.204,128.213,2822,128.1555,128.6166,127.2961,128.2234,128.2236,128.0486,44.2717,51.0988,49.1958,128.1166,-0.0966,-0.0109,-0.0857
2022-12-30 06:15:00,128.219,128.227,128.204,128.213,1306,128.1396,128.6234,127.3126,128.2215,128.2231,128.0519,44.2717,51.0988,49.1958,128.1193,-0.0917,-0.0048,-0.0869
2022-12-30 06:30:00,128.219,128.286,128.214,128.273,1241,128.1615,128.6345,127.3331,128.2309,128.2251,128.0563,48.4642,51.4947,49.3734,128.1228,-0.0821,0.0039,-0.086
2022-12-30 06:45:00,128.308,128.316,128.264,128.273,457,128.1963,128.6298,127.3536,128.2385,128.227,128.0606,48.4642,51.4947,49.3734,128.1243,-0.0736,0.0099,-0.0835
2022-12-30 07:00:00,128.289,128.346,127.986,128.024,15785,128.1973,128.6189,127.3709,128.1995,128.219,128.0598,34.9811,49.7543,48.653,128.123,-0.0859,-0.002,-0.084
2022-12-30 07:15:00,128.02,128.028,127.767,127.826,8464,128.1576,128.594,127.3874,128.1316,128.2036,128.0552,28.0791,48.4263,48.0893,128.0941,-0.1104,-0.0212,-0.0893
2022-12-30 07:30:00,127.723,127.79,127.519,127.637,7143,128.1099,128.5737,127.3988,128.0417,128.1814,128.0469,23.22,47.1992,47.5581,128.0545,-0.1435,-0.0433,-0.1001
2022-12-30 07:45:00,127.723,127.77,127.589,127.597,13001,128.0572,128.5463,127.415,127.9608,128.1585,128.038,22.312,46.9424,47.4461,127.9984,-0.1709,-0.0566,-0.1143
2022-12-30 08:00:00,127.979,128.843,127.34,127.398,123317,127.9717,128.5137,127.4374,127.8585,128.1286,128.0253,18.3464,45.6803,46.8909,127.9198,-0.2063,-0.0736,-0.1327
2022-12-30 08:15:00,127.355,127.363,126.963,127.13,68073,127.8584,128.472,127.4553,127.726,128.0895,128.0076,14.4922,44.0527,46.1563,127.7362,-0.2531,-0.0963,-0.1567
2022-12-30 08:30:00,127.127,127.293,127.003,127.23,55823,127.7601,128.4358,127.4772,127.6359,128.0558,127.9922,21.3431,44.8015,46.4724,127.6443,-0.2788,-0.0977,-0.1812
2022-12-30 08:45:00,127.226,127.502,127.142,127.319,57743,127.6707,128.3999,127.4984,127.5782,128.0269,127.9789,27.1176,45.4644,46.7534,127.5974,-0.2888,-0.0861,-0.2027
2022-12-30 09:00:00,127.315,127.373,127.181,127.22,48020,127.5654,128.3679,127.5166,127.5131,127.9952,127.9638,24.8617,44.853,46.4792,127.5609,-0.3012,-0.0788,-0.2224
2022-12-30 09:15:00,127.236,127.71,127.122,127.627,70821,127.5008,128.3413,127.5402,127.5338,127.9808,127.9572,45.5518,47.798,47.7515,127.5507,-0.275,-0.0421,-0.2329
2022-12-30 09:30:00,127.534,127.82,126.933,127.299,4211144,127.4283,128.3152,127.5593,127.4911,127.9541,127.9441,36.5417,45.7872,46.845,127.3725,-0.2775,-0.0357,-0.2418
2022-12-30 09:45:00,127.295,127.452,126.605,127.011,3464499,127.3468,128.2826,127.5754,127.4038,127.9171,127.9257,30.6308,44.1241,46.0693,127.2246,-0.2992,-0.0459,-0.2533
2022-12-30 10:00:00,127.008,127.154,126.556,127.081,3119530,127.2912,128.2455,127.5931,127.3451,127.8843,127.9089,33.5343,44.623,46.2877,127.1434,-0.3073,-0.0432,-0.2641
2022-12-30 10:15:00,127.078,127.78,126.973,127.557,2610371,127.2872,128.2136,127.6162,127.3837,127.8715,127.902,49.5037,47.8535,47.741,127.1984,-0.2722,-0.0064,-0.2657
2022-12-30 10:30:00,127.554,127.899,127.38,127.766,2411937,127.324,128.1858,127.6414,127.4532,127.8673,127.8993,54.8016,49.1817,48.3607,127.2698,-0.2248,0.0327,-0.2575
2022-12-30 10:45:00,127.761,128.376,127.718,127.962,2607243,127.4072,128.1627,127.6686,127.5457,127.871,127.9005,59.2559,50.3909,48.9343,127.3729,-0.1696,0.0704,-0.2399
2022-12-30 11:00:00,127.954,128.127,127.589,127.657,2223394,127.4499,128.1343,127.6918,127.5659,127.8626,127.8957,50.629,48.5563,48.0946,127.4168,-0.1487,0.073,-0.2217
2022-12-30 11:15:00,127.648,127.715,127.201,127.438,1987841,127.4618,128.1052,127.7125,127.5427,127.846,127.8866,45.3603,47.2947,47.5033,127.4197,-0.1481,0.0589,-0.207
2022-12-30 11:30:00,127.444,127.815,127.33,127.687,1832033,127.5085,128.081,127.7356,127.5689,127.8398,127.8827,51.709,48.837,48.2342,127.4337,-0.126,0.0647,-0.1908
2022-12-30 11:45:00,127.698,128.177,127.579,128.119,1663986,127.5577,128.0621,127.7627,127.6689,127.8507,127.8874,60.546,51.3569,49.4671,127.4665,-0.0729,0.0943,-0.1672
2022-12-30 12:00:00,128.115,128.177,127.847,128.004,1347492,127.6282,128.0386,127.7887,127.7298,127.8567,127.8897,57.4371,50.6788,49.1523,127.4926,-0.0396,0.1021,-0.1417
2022-12-30 12:15:00,128.011,128.207,127.906,127.94,1125534,127.7211,128.023,127.8147,127.7681,127.86,127.8907,55.6696,50.3017,48.9771,127.5129,-0.0182,0.0988,-0.117
2022-12-30 12:30:00,127.936,128.157,127.872,127.955,1112105,127.8085,128.0073,127.8406,127.802,127.8637,127.8919,56.022,50.39,49.0201,127.5306,0.0,0.0936,-0.0936
2022-12-30 12:45:00,127.951,128.108,127.753,128.079,1059186,127.8607,127.9963,127.8667,127.8524,127.8722,127.8956,59.0149,51.1225,49.3765,127.5459,0.0242,0.0942,-0.07
2022-12-30 13:00:00,128.08,128.093,127.817,127.915,1254454,127.8756,127.9822,127.8878,127.8638,127.8738,127.896,53.6495,50.1237,48.9196,127.5611,0.0298,0.0798,-0.0501
2022-12-30 13:15:00,127.911,127.949,127.142,127.458,1900306,127.8252,127.9586,127.9029,127.79,127.8575,127.8874,41.8646,47.4859,47.6779,127.5586,-0.0027,0.0379,-0.0406
2022-12-30 13:30:00,127.454,127.8,127.411,127.607,1506637,127.8202,127.9375,127.9204,127.7567,127.8477,127.8818,46.1498,48.3895,48.1116,127.5606,-0.0162,0.0195,-0.0357
2022-12-30 13:45:00,127.603,127.661,127.385,127.503,1186733,127.8267,127.9158,127.9356,127.7106,127.8342,127.8743,43.6543,47.8037,47.832,127.5592,-0.0349,0.0007,-0.0355
2022-12-30 14:00:00,127.504,127.527,127.162,127.279,1345128,127.7859,127.8894,127.9486,127.6321,127.8124,127.8625,38.6523,46.5646,47.2349,127.5509,-0.067,-0.0252,-0.0418
2022-12-30 14:15:00,127.266,127.422,127.092,127.349,1433329,127.7089,127.8635,127.9635,127.5806,127.7942,127.8523,40.9996,47.0027,47.442,127.5415,-0.0858,-0.0352,-0.0506
2022-12-30 14:30:00,127.35,127.467,127.251,127.374,1310580,127.6459,127.842,127.9771,127.5431,127.7778,127.8429,41.8821,47.1605,47.5163,127.5358,-0.0976,-0.0376,-0.06
2022-12-30 14:45:00,127.375,127.512,127.201,127.408,1332663,127.5927,127.8195,127.9908,127.5185,127.7633,127.8343,43.1666,47.378,47.6181,127.5308,-0.103,-0.0344,-0.0686
2022-12-30 15:00:00,127.405,128.167,127.375,128.095,2630372,127.6067,127.8124,128.0091,127.6233,127.7763,127.8394,62.0149,51.4948,49.612,127.551,-0.0512,0.0139,-0.0651
2022-12-30 15:15:00,128.09,128.306,127.956,128.034,2520556,127.6022,127.8029,128.0272,127.698,127.7864,127.8433,60.0501,51.1323,49.4432,127.58,-0.0149,0.0401,-0.0551
2022-12-30 15:30:00,128.04,128.257,127.976,128.178,2389753,127.6285,127.7974,128.0467,127.7853,127.8017,127.8499,63.1153,51.947,49.8501,127.6065,0.0251,0.0642,-0.039
2022-12-30 15:45:00,128.179,129.071,128.135,129.027,7269609,127.7854,127.8099,128.0731,128.011,127.8498,127.8732,75.4531,56.3273,52.1437,127.7507,0.124,0.1304,-0.0064
2022-12-30 16:00:00,129.024,129.15,128.89,129.057,10134326,127.9304,127.8232,128.0969,128.2012,127.8971,127.8967,75.7713,56.4704,52.2217,127.9431,0.2024,0.1671,0.0353
2022-12-30 16:15:00,129.063,129.16,129.049,129.127,103379,128.0928,127.8383,128.1237,128.3695,127.9454,127.921,76.5591,56.8073,52.4046,127.9449,0.2671,0.1854,0.0817
2022-12-30 16:30:00,129.133,129.17,129.039,129.117,73119,128.2766,127.8596,128.1521,128.5054,127.9913,127.9447,76.166,56.7433,52.3756,127.9461,0.3139,0.1858,0.1281
2022-12-30 16:45:00,129.113,129.15,129.078,129.107,28466,128.4524,127.8832,128.1788,128.6148,128.0351,127.9677,75.7339,56.6781,52.3465,127.9466,0.3463,0.1745,0.1718
2022-12-30 17:00:00,129.113,129.141,129.098,129.117,14845,128.6267,127.9053,128.2045,128.7061,128.0775,127.9905,75.8859,56.7288,52.3733,127.9469,0.3685,0.1574,0.2111
2022-12-30 17:15:00,129.113,129.141,129.019,129.067,20489,128.7926,127.9222,128.2299,128.7717,128.1163,128.0118,73.3341,56.392,52.2249,127.9472,0.3777,0.1333,0.2444
2022-12-30 17:30:00,129.053,129.15,129.019,129.067,8728,128.8898,127.9412,128.2484,128.8254,128.1536,128.0327,73.3341,56.392,52.2249,127.9474,0.3806,0.1089,0.2716
2022-12-30 17:45:00,129.073,129.17,129.039,129.066,22700,128.993,127.9601,128.2677,128.8692,128.1894,128.0532,73.2733,56.385,52.2219,127.9478,0.3784,0.0854,0.293
2022-12-30 18:00:00,129.063,129.081,129.049,129.077,6581,129.0829,127.9765,128.2872,128.907,128.2242,128.0734,73.5415,56.4455,52.2526,127.9479,0.3733,0.0642,0.3091
2022-12-30 18:15:00,129.103,129.121,129.049,129.067,5705,129.0869,127.9926,128.3061,128.9361,128.2572,128.0931,72.8034,56.373,52.2218,127.948,0.3642,0.0441,0.3201
2022-12-30 18:30:00,129.053,129.111,129.049,129.107,5883,129.0919,128.0105,128.3136,128.9671,128.2905,128.1132,73.9648,56.6004,52.3352,127.9481,0.3562,0.0289,0.3273
2022-12-30 18:45:00,129.093,129.17,129.078,129.127,10963,129.0919,128.0288,128.3261,128.9962,128.3233,128.1333,74.5682,56.7155,52.3923,127.9483,0.3474,0.0161,0.3313
2022-12-30 19:00:00,129.103,129.16,129.098,129.127,5372,129.0929,128.0459,128.3402,129.02,128.3549,128.1529,74.5682,56.7155,52.3923,127.9483,0.3366,0.0042,0.3324
2022-12-30 19:15:00,129.153,129.16,129.108,129.117,5051,129.0939,128.0627,128.3462,129.0376,128.3847,128.172,73.5165,56.6373,52.3603,127.9484,0.3235,-0.0071,0.3306
2022-12-30 19:30:00,129.113,129.16,129.088,129.127,8073,129.0949,128.0848,128.3518,129.0539,128.4139,128.1909,73.9251,56.6983,52.3897,127.9486,0.3103,-0.0163,0.3265
2022-12-30 19:45:00,129.123,129.131,129.078,129.087,15884,129.0969,128.11,128.352,129.0599,128.4403,128.2087,69.181,56.3749,52.2595,127.9488,0.2932,-0.0266,0.3199
