Date,Open,High,Low,Close,Volume,SMA_10,SMA_50,SMA_100,EMA_10,EMA_50,EMA_100,RSI_10,RSI_50,RSI_100,VWAP,MACD,MACD_Hist,MACD_Signal
2022-01-03 04:00:00,176.0230,176.0480,175.9460,175.9780,863,175.8497,175.7228,175.8421,175.8497,175.7228,175.8421,43.4494,48.7440,51.9775,175.9907,-0.0709,0.0206,-0.0915
2022-01-03 04:02:00,176.0930,176.1270,176.0450,176.0770,881,175.8497,175.7228,175.8421,175.8497,175.7228,175.8421,43.4494,48.7440,51.9775,176.0373,-0.0709,0.0206,-0.0915
2022-01-03 04:03:00,176.0430,176.0870,176.0160,176.0670,482,175.8497,175.7228,175.8421,175.8497,175.7228,175.8421,43.4494,48.7440,51.9775,176.0415,-0.0709,0.0206,-0.0915
2022-01-03 04:04:00,175.9940,176.0180,175.8870,175.9190,2545,175.8497,175.7228,175.8421,175.8497,175.7228,175.8421,43.4494,48.7440,51.9775,175.9881,-0.0709,0.0206,-0.0915
2022-01-03 04:05:00,175.9640,175.9880,175.9370,175.9680,147,175.8497,175.7228,175.8421,175.8497,175.7228,175.8421,43.4494,48.7440,51.9775,175.9874,-0.0709,0.0206,-0.0915
2022-01-03 04:06:00,175.7770,175.8010,175.7290,175.7610,365,175.8497,175.7228,175.8421,175.8497,175.7228,175.8421,43.4494,48.7440,51.9775,175.9719,-0.0709,0.0206,-0.0915
2022-01-03 04:07:00,175.7670,175.7910,175.5020,175.5330,1120,175.8497,175.7228,175.8421,175.8497,175.7228,175.8421,43.4494,48.7440,51.9775,175.9084,-0.0709,0.0206,-0.0915
2022-01-03 04:08:00,175.6680,175.7810,175.6400,175.7610,292,175.8497,175.7228,175.8421,175.8497,175.7228,175.8421,43.4494,48.7440,51.9775,175.9005,-0.0709,0.0206,-0.0915
2022-01-03 04:09:00,175.7670,175.7910,175.7290,175.7610,598,175.8497,175.7228,175.8421,175.8497,175.7228,175.8421,43.4494,48.7440,51.9775,175.8890,-0.0709,0.0206,-0.0915
2022-01-03 04:10:00,175.6980,175.7220,175.6400,175.6720,2233,175.8497,175.7228,175.8421,175.8497,175.7228,175.8421,43.4494,48.7440,51.9775,175.8395,-0.0709,0.0206,-0.0915
2022-01-03 04:12:00,175.8160,175.8400,175.7890,175.8200,100,175.8339,175.7228,175.8421,175.8443,175.7228,175.8421,43.4494,48.7440,51.9775,175.8393,-0.0709,0.0206,-0.0915
2022-01-03 04:13:00,175.8460,175.8700,175.8180,175.8490,100,175.8111,175.7228,175.8421,175.8452,175.7228,175.8421,44.9210,48.7440,51.9775,175.8393,-0.0709,0.0206,-0.0915
2022-01-03 04:14:00,175.8460,175.8700,175.8180,175.8490,150,175.7893,175.7228,175.8421,175.8459,175.7228,175.8421,44.9210,48.7440,51.9775,175.8394,-0.0709,0.0206,-0.0915
2022-01-03 04:15:00,175.8460,175.9090,175.7390,175.8890,3944,175.7863,175.7228,175.8421,175.8537,175.7228,175.8421,47.2582,48.7440,51.9775,175.8412,-0.0709,0.0206,-0.0915
2022-01-03 04:16:00,175.8560,175.8800,175.7490,175.7800,963,175.7675,175.7228,175.8421,175.8403,175.7228,175.8421,41.8778,48.7440,51.9775,175.8387,-0.0709,0.0206,-0.0915
2022-01-03 04:17:00,175.7770,175.8010,175.6110,175.6420,345,175.7556,175.7228,175.8421,175.8042,175.7228,175.8421,36.0967,48.7440,51.9775,175.8352,-0.0709,0.0206,-0.0915
2022-01-03 04:18:00,175.5990,175.7020,175.5520,175.6320,755,175.7655,175.7228,175.8421,175.7729,175.7228,175.8421,35.6999,48.7440,51.9775,175.8254,-0.0709,0.0206,-0.0915
2022-01-03 04:22:00,175.7860,175.8110,175.7590,175.7900,265,175.7684,175.7228,175.8421,175.7760,175.7228,175.8421,46.1014,48.7440,51.9775,175.8248,-0.0709,0.0206,-0.0915
2022-01-03 04:24:00,175.7670,175.7910,175.7390,175.7700,296,175.7693,175.7228,175.8421,175.7749,175.7228,175.8421,45.0759,48.7440,51.9775,175.8237,-0.0709,0.0206,-0.0915
2022-01-03 04:25:00,175.6680,175.6920,175.6400,175.6720,245,175.7693,175.7228,175.8421,175.7562,175.7228,175.8421,40.2063,48.7440,51.9775,175.8214,-0.0709,0.0206,-0.0915
2022-01-03 04:27:00,175.6880,175.7120,175.6110,175.6420,1241,175.7515,175.7228,175.8421,175.7355,175.7228,175.8421,38.7813,48.7440,51.9775,175.8099,-0.0709,0.0206,-0.0915
2022-01-03 04:28:00,175.6380,175.6630,175.5910,175.6320,651,175.7298,175.7228,175.8421,175.7166,175.7228,175.8421,38.2788,48.7440,51.9775,175.8036,-0.0709,0.0206,-0.0915
2022-01-03 04:29:00,175.5790,175.6820,175.5520,175.5930,1287,175.7042,175.7228,175.8421,175.6942,175.7228,175.8421,36.2438,48.7440,51.9775,175.7910,-0.0709,0.0206,-0.0915
2022-01-03 04:30:00,175.6380,175.6630,175.6110,175.6420,300,175.6795,175.7228,175.8421,175.6847,175.7228,175.8421,40.6485,48.7440,51.9775,175.7887,-0.0709,0.0206,-0.0915
2022-01-03 04:31:00,175.6380,175.6630,175.5420,175.5730,407,175.6588,175.7228,175.8421,175.6644,175.7228,175.8421,36.6832,48.7440,51.9775,175.7848,-0.0709,0.0206,-0.0915
2022-01-03 04:32:00,175.5690,175.5930,175.5420,175.5730,143,175.6519,175.7228,175.8421,175.6478,175.7228,175.8421,36.6832,48.7440,51.9775,175.7833,-0.0709,0.0206,-0.0915
2022-01-03 04:33:00,175.5300,175.5540,175.5020,175.5330,100,175.6420,175.7228,175.8421,175.6269,175.7228,175.8421,34.2893,48.7440,51.9775,175.7821,-0.0709,0.0206,-0.0915
2022-01-03 04:34:00,175.5400,175.6430,175.5120,175.6220,798,175.6252,175.7228,175.8421,175.6260,175.7228,175.8421,43.4181,48.7440,51.9775,175.7751,-0.0709,0.0206,-0.0915
2022-01-03 04:36:00,175.6190,175.6720,175.5520,175.5830,1079,175.6065,175.7228,175.8421,175.6182,175.7228,175.8421,40.6673,48.7440,51.9775,175.7669,-0.0709,0.0206,-0.0915
2022-01-03 04:37:00,175.5790,175.6030,175.5420,175.5730,696,175.5966,175.7228,175.8421,175.6100,175.7228,175.8421,39.9463,48.7440,51.9775,175.7611,-0.0709,0.0206,-0.0915
2022-01-03 04:38:00,175.5690,175.5930,175.5420,175.5730,197,175.5897,175.7228,175.8421,175.6032,175.7228,175.8421,39.9463,48.7440,51.9775,175.7595,-0.0709,0.0206,-0.0915
2022-01-03 04:39:00,175.5990,175.6330,175.5120,175.5430,1589,175.5808,175.7228,175.8421,175.5923,175.7228,175.8421,37.4848,48.7440,51.9775,175.7471,-0.0709,0.0206,-0.0915
2022-01-03 04:40:00,175.5990,175.6330,175.5710,175.6120,400,175.5827,175.7228,175.8421,175.5959,175.7228,175.8421,45.9899,48.7440,51.9775,175.7449,-0.0709,0.0206,-0.0915
2022-01-03 04:41:00,175.6090,175.6820,175.5810,175.6620,1613,175.5847,175.7228,175.8421,175.6079,175.7228,175.8421,51.3221,48.7440,51.9775,175.7387,-0.0709,0.0206,-0.0915
2022-01-03 04:42:00,175.6190,175.6720,175.5520,175.6520,1473,175.5926,175.7228,175.8421,175.6159,175.7228,175.8421,50.2204,48.7440,51.9775,175.7329,-0.0626,0.0231,-0.0857
2022-01-03 04:44:00,175.5790,175.6820,175.5520,175.6620,765,175.6015,175.7228,175.8421,175.6243,175.7228,175.8421,51.3801,48.7440,51.9775,175.7303,-0.0545,0.0249,-0.0795
2022-01-03 04:45:00,175.6480,175.6820,175.6210,175.6620,548,175.6144,175.7228,175.8421,175.6312,175.7228,175.8421,51.3801,48.7440,51.9775,175.7289,-0.0476,0.0255,-0.0731
2022-01-03 04:46:00,175.6680,175.6920,175.6400,175.6720,139,175.6194,175.7228,175.8421,175.6386,175.7228,175.8421,52.7394,48.7440,51.9775,175.7286,-0.0408,0.0258,-0.0666
2022-01-03 04:47:00,175.6580,175.6820,175.5910,175.6220,672,175.6233,175.7228,175.8421,175.6356,175.7228,175.8421,45.6490,48.7440,51.9775,175.7265,-0.0391,0.0221,-0.0611
2022-01-03 04:48:00,175.5890,175.6330,175.5520,175.6120,1234,175.6272,175.7228,175.8421,175.6313,175.7228,175.8421,44.3248,48.7440,51.9775,175.7216,-0.0380,0.0185,-0.0565
2022-01-03 04:49:00,175.6480,175.8010,175.6210,175.7800,566,175.6479,175.7228,175.8421,175.6583,175.7228,175.8421,63.8827,48.7440,51.9775,175.7218,-0.0234,0.0265,-0.0499
2022-01-03 04:50:00,175.7270,175.7510,175.6600,175.6910,690,175.6627,175.7228,175.8421,175.6643,175.7228,175.8421,52.9367,48.7440,51.9775,175.7214,-0.0187,0.0249,-0.0436
2022-01-03 04:51:00,175.6980,175.7220,175.6600,175.6910,973,175.6706,175.7228,175.8421,175.6691,175.7228,175.8421,52.9367,48.7440,51.9775,175.7205,-0.0149,0.0230,-0.0379
2022-01-03 04:52:00,175.7770,175.8010,175.6900,175.7210,1432,175.6765,175.7228,175.8421,175.6786,175.7228,175.8421,56.0691,48.7440,51.9775,175.7212,-0.0093,0.0229,-0.0322
2022-01-03 04:53:00,175.8260,175.8500,175.7980,175.8300,113,175.6943,175.7228,175.8421,175.7061,175.7228,175.8421,65.3733,48.7440,51.9775,175.7215,0.0039,0.0288,-0.0250
2022-01-03 04:55:00,175.7270,175.7910,175.6700,175.7700,1862,175.7051,175.7228,175.8421,175.7177,175.7228,175.8421,57.8763,48.7440,51.9775,175.7226,0.0094,0.0275,-0.0181
2022-01-03 04:56:00,175.6980,175.7220,175.6700,175.7010,1345,175.7090,175.7228,175.8421,175.7147,175.7228,175.8421,50.4792,48.7440,51.9775,175.7218,0.0081,0.0209,-0.0129
2022-01-03 04:58:00,175.8260,175.8500,175.7980,175.8300,206,175.7248,175.7228,175.8421,175.7356,175.7228,175.8421,60.8684,48.7440,51.9775,175.7223,0.0172,0.0241,-0.0068
2022-01-03 04:59:00,175.8650,175.8900,175.8180,175.8490,559,175.7475,175.7228,175.8421,175.7563,175.7228,175.8421,62.1674,48.7440,51.9775,175.7241,0.0257,0.0261,-0.0003
2022-01-03 05:00:00,175.8460,175.8700,175.8180,175.8490,100,175.7712,175.7228,175.8421,175.7731,175.7228,175.8421,62.1674,48.7440,51.9775,175.7244,0.0321,0.0260,0.0062
2022-01-03 05:01:00,175.8850,175.9190,175.8580,175.8990,878,175.7831,175.7212,175.8421,175.7960,175.7297,175.8421,65.8502,48.7440,51.9775,175.7281,0.0407,0.0277,0.0131
2022-01-03 05:03:00,175.8460,175.8700,175.7290,175.7610,3683,175.7901,175.7149,175.8421,175.7896,175.7309,175.8421,50.7116,46.6551,51.9775,175.7329,0.0360,0.0183,0.0177
2022-01-03 05:04:00,175.7570,175.7810,175.7290,175.7610,195,175.7971,175.7088,175.8421,175.7844,175.7321,175.8421,50.7116,46.6551,51.9775,175.7330,0.0319,0.0114,0.0205
2022-01-03 05:06:00,175.7670,175.7910,175.7290,175.7610,1158,175.8011,175.7056,175.8421,175.7802,175.7332,175.8421,50.7116,46.6551,51.9775,175.7337,0.0283,0.0062,0.0221
2022-01-03 05:07:00,175.8460,175.8700,175.8180,175.8490,200,175.8030,175.7032,175.8421,175.7927,175.7378,175.8421,58.9638,48.1603,51.9775,175.7342,0.0322,0.0081,0.0241
2022-01-03 05:10:00,175.8750,175.9190,175.7490,175.7800,1281,175.8040,175.7036,175.8421,175.7904,175.7394,175.8421,51.4579,47.0970,51.9775,175.7364,0.0294,0.0042,0.0251
2022-01-03 05:11:00,175.7860,175.8210,175.7590,175.8000,947,175.8139,175.7090,175.8421,175.7921,175.7418,175.8421,53.3697,47.4402,51.9775,175.7375,0.0284,0.0026,0.0258
2022-01-03 05:12:00,175.7960,175.9000,175.7690,175.8790,699,175.8188,175.7113,175.8421,175.8079,175.7472,175.8421,60.2417,48.7796,51.9775,175.7391,0.0336,0.0063,0.0274
2022-01-03 05:13:00,175.9250,175.9490,175.8970,175.9280,100,175.8267,175.7147,175.8421,175.8298,175.7543,175.8421,63.9075,49.5926,51.9775,175.7395,0.0413,0.0111,0.0302
2022-01-03 05:14:00,175.8750,175.9000,175.8280,175.8590,800,175.8277,175.7184,175.8421,175.8351,175.7584,175.8421,55.8505,48.4867,51.9775,175.7415,0.0413,0.0089,0.0324
2022-01-03 05:15:00,175.8650,175.9190,175.7890,175.8990,3823,175.8277,175.7200,175.8421,175.8467,175.7639,175.8421,59.1664,49.1574,51.9775,175.7506,0.0440,0.0093,0.0347
2022-01-03 05:16:00,175.8850,175.9090,175.8480,175.8790,200,175.8395,175.7206,175.8421,175.8526,175.7684,175.8421,56.7965,48.8330,51.9775,175.7510,0.0440,0.0075,0.0366
2022-01-03 05:17:00,175.8950,175.9190,175.8580,175.8890,1899,175.8523,175.7214,175.8421,175.8592,175.7732,175.8421,57.7370,49.0047,51.9775,175.7557,0.0444,0.0062,0.0381
2022-01-03 05:20:00,175.9540,175.9880,175.9270,175.9680,875,175.8730,175.7230,175.8421,175.8790,175.7808,175.8421,64.5170,50.3476,51.9775,175.7589,0.0504,0.0098,0.0406
2022-01-03 05:22:00,175.9640,175.9880,175.9370,175.9680,4216,175.8849,175.7267,175.8421,175.8952,175.7881,175.8421,64.5170,50.3476,51.9775,175.7731,0.0546,0.0112,0.0434
2022-01-03 05:23:00,175.9840,176.0080,175.9560,175.9880,318,175.9057,175.7336,175.8421,175.9120,175.7960,175.8421,66.2112,50.6899,51.9775,175.7742,0.0588,0.0123,0.0465
2022-01-03 05:24:00,175.9150,175.9390,175.8870,175.9190,500,175.9176,175.7394,175.8421,175.9133,175.8008,175.8421,55.9676,49.4888,51.9775,175.7754,0.0559,0.0076,0.0484
2022-01-03 05:29:00,175.9440,175.9690,175.9170,175.9480,196,175.9245,175.7425,175.8421,175.9196,175.8066,175.8421,58.9345,49.9970,51.9775,175.7759,0.0554,0.0056,0.0498
2022-01-03 05:30:00,175.9350,175.9690,175.9070,175.9480,1000,175.9265,175.7461,175.8421,175.9248,175.8121,175.8421,58.9345,49.9970,51.9775,175.7786,0.0543,0.0036,0.0507
2022-01-03 05:32:00,175.8850,175.9090,175.8080,175.8400,1096,175.9246,175.7495,175.8421,175.9094,175.8132,175.8421,44.9952,48.1199,51.9775,175.7798,0.0442,-0.0051,0.0494
2022-01-03 05:33:00,175.8850,175.9290,175.8580,175.9090,632,175.9256,175.7548,175.8421,175.9093,175.8170,175.8421,52.9029,49.3594,51.9775,175.7810,0.0414,-0.0064,0.0478
2022-01-03 05:34:00,175.8950,175.9190,175.8580,175.8890,850,175.9266,175.7599,175.8421,175.9056,175.8198,175.8421,50.5618,49.0130,51.9775,175.7824,0.0370,-0.0086,0.0456
2022-01-03 05:38:00,175.9840,176.0080,175.8180,175.8690,1732,175.9246,175.7655,175.8421,175.8990,175.8217,175.8421,48.1923,48.6646,51.9775,175.7854,0.0316,-0.0112,0.0428
2022-01-03 05:39:00,175.9540,175.9790,175.9270,175.9580,190,175.9236,175.7718,175.8421,175.9097,175.8271,175.8421,57.9386,50.2699,51.9775,175.7859,0.0341,-0.0070,0.0411
2022-01-03 05:40:00,175.9540,175.9790,175.9270,175.9580,150,175.9226,175.7795,175.8421,175.9185,175.8322,175.8421,57.9386,50.2699,51.9775,175.7862,0.0357,-0.0043,0.0400
2022-01-03 05:41:00,175.9440,175.9690,175.9170,175.9480,831,175.9186,175.7870,175.8421,175.9238,175.8367,175.8421,56.4651,50.0867,51.9775,175.7882,0.0357,-0.0034,0.0391
2022-01-03 05:42:00,175.8650,175.8900,175.8380,175.8690,105,175.9136,175.7937,175.8421,175.9139,175.8380,175.8421,46.1604,48.6569,51.9775,175.7883,0.0290,-0.0081,0.0371
2022-01-03 05:49:00,175.9150,175.9390,175.8870,175.9190,100,175.9107,175.7996,175.8421,175.9148,175.8412,175.8421,52.2842,49.5863,51.9775,175.7885,0.0274,-0.0077,0.0352
2022-01-03 05:50:00,175.9050,175.9290,175.8770,175.9090,194,175.9068,175.8062,175.8421,175.9137,175.8438,175.8421,50.9952,49.4038,51.9775,175.7888,0.0251,-0.0081,0.0332
2022-01-03 05:51:00,175.8950,175.9290,175.8680,175.9090,400,175.9137,175.8129,175.8421,175.9129,175.8464,175.8421,50.9952,49.4038,51.9775,175.7894,0.0230,-0.0082,0.0311
2022-01-03 05:56:00,175.9350,175.9590,175.9070,175.9380,150,175.9166,175.8202,175.8421,175.9175,175.8500,175.8421,54.9697,49.9599,51.9775,175.7898,0.0233,-0.0062,0.0296
2022-01-03 05:57:00,175.9350,175.9590,175.9070,175.9380,1307,175.9215,175.8281,175.8421,175.9212,175.8534,175.8421,54.9697,49.9599,51.9775,175.7924,0.0234,-0.0049,0.0283
2022-01-03 05:58:00,175.9350,175.9590,175.9070,175.9380,689,175.9284,175.8346,175.8421,175.9242,175.8568,175.8421,54.9697,49.9599,51.9775,175.7938,0.0231,-0.0042,0.0273
2022-01-03 05:59:00,175.9350,175.9590,175.8970,175.9380,3215,175.9264,175.8401,175.8421,175.9267,175.8599,175.8421,54.9697,49.9599,51.9775,175.7998,0.0227,-0.0037,0.0264
2022-01-03 06:00:00,175.9350,176.0380,175.8970,176.0170,3457,175.9323,175.8474,175.8421,175.9432,175.8661,175.8421,66.3135,51.5333,51.9775,175.8079,0.0284,0.0016,0.0268
2022-01-03 06:01:00,176.0330,176.0580,176.0060,176.0370,100,175.9412,175.8549,175.8421,175.9602,175.8728,175.8421,68.5427,51.9238,51.9775,175.8082,0.0341,0.0059,0.0282
2022-01-03 06:03:00,176.0930,176.1270,176.0650,176.1060,306,175.9649,175.8638,175.8421,175.9867,175.8819,175.8421,74.9077,53.2499,51.9775,175.8094,0.0437,0.0124,0.0313
2022-01-03 06:04:00,176.0330,176.1660,176.0060,176.1360,1247,175.9866,175.8731,175.8421,176.0139,175.8919,175.8421,77.1420,53.8151,51.9775,175.8139,0.0531,0.0174,0.0357
2022-01-03 06:05:00,176.0730,176.1660,176.0450,176.1160,743,176.0073,175.8830,175.8421,176.0324,175.9007,175.8421,72.3687,53.3761,51.9775,175.8167,0.0583,0.0181,0.0402
2022-01-03 06:06:00,176.1120,176.1370,176.0850,176.1160,1200,176.0280,175.8930,175.8421,176.0476,175.9091,175.8421,72.3687,53.3761,51.9775,175.8210,0.0617,0.0172,0.0445
2022-01-03 06:08:00,176.1120,176.1370,176.0850,176.1160,503,176.0458,175.8998,175.8421,176.0601,175.9173,175.8421,72.3687,53.3761,51.9775,175.8228,0.0637,0.0153,0.0483
2022-01-03 06:09:00,176.1420,176.1660,176.0850,176.1460,2113,176.0666,175.9089,175.8421,176.0757,175.9262,175.8421,75.4893,53.9744,51.9775,175.8306,0.0669,0.0148,0.0520
2022-01-03 06:10:00,176.1810,176.2060,176.1540,176.1850,444,176.0913,175.9187,175.8421,176.0956,175.9364,175.8421,78.9271,54.7448,51.9775,175.8324,0.0717,0.0157,0.0560
2022-01-03 06:11:00,176.1810,176.2060,176.0850,176.1750,1056,176.1150,175.9278,175.8421,176.1100,175.9457,175.8421,75.8944,54.5061,51.9775,175.8364,0.0739,0.0143,0.0596
2022-01-03 06:13:00,176.1220,176.1660,176.0850,176.1360,1023,176.1269,175.9339,175.8421,176.1147,175.9532,175.8421,65.0616,53.5764,51.9775,175.8399,0.0717,0.0097,0.0620
2022-01-03 06:14:00,176.1020,176.1270,176.0750,176.1060,320,176.1338,175.9407,175.8421,176.1131,175.9592,175.8421,57.9874,52.8686,51.9775,175.8408,0.0667,0.0038,0.0629
2022-01-03 06:15:00,176.0830,176.1070,176.0350,176.0670,1164,176.1299,175.9480,175.8421,176.1048,175.9634,175.8421,50.1163,51.9580,51.9775,175.8439,0.0589,-0.0032,0.0621
2022-01-03 06:16:00,176.0630,176.0870,176.0350,176.0670,150,176.1230,175.9527,175.8421,176.0979,175.9675,175.8421,50.1163,51.9580,51.9775,175.8442,0.0522,-0.0080,0.0601
2022-01-03 06:19:00,176.1020,176.1270,176.0060,176.0370,342,176.1151,175.9565,175.8421,176.0868,175.9702,175.8421,44.3937,51.2510,51.9775,175.8451,0.0439,-0.0130,0.0569
2022-01-03 06:22:00,176.0930,176.1170,176.0650,176.0960,100,176.1131,175.9614,175.8421,176.0885,175.9751,175.8421,55.4978,52.5468,51.9775,175.8453,0.0416,-0.0122,0.0538
2022-01-03 06:23:00,176.1720,176.1960,176.1440,176.1750,110,176.1190,175.9669,175.8441,176.1042,175.9830,175.8487,65.6908,54.2098,51.9775,175.8457,0.0457,-0.0065,0.0522
2022-01-03 06:24:00,176.1910,176.2160,176.1640,176.1950,100,176.1239,175.9756,175.8453,176.1207,175.9913,175.8556,67.7676,54.6207,52.1715,175.8461,0.0499,-0.0018,0.0518
2022-01-03 06:25:00,176.2110,176.2350,176.1830,176.2150,150,176.1269,175.9847,175.8467,176.1379,176.0001,175.8627,69.7987,55.0324,52.3659,175.8467,0.0543,0.0020,0.0523
2022-01-03 06:27:00,176.0830,176.1070,176.0060,176.0670,950,176.1161,175.9908,175.8482,176.1250,176.0027,175.8667,45.9766,51.5041,50.8221,175.8490,0.0453,-0.0056,0.0509
2022-01-03 06:29:00,176.2010,176.2350,176.1340,176.1950,897,176.1220,175.9977,175.8505,176.1377,176.0102,175.8732,59.3189,54.1011,52.0568,175.8523,0.0479,-0.0024,0.0503
2022-01-03 06:30:00,176.1520,176.1760,176.1240,176.1560,300,176.1270,176.0053,175.8544,176.1410,176.0159,175.8788,54.7419,53.2151,51.6577,175.8533,0.0463,-0.0032,0.0495
2022-01-03 06:31:00,176.1620,176.1860,176.1340,176.1650,168,176.1368,176.0126,175.8608,176.1454,176.0218,175.8845,55.6199,53.3948,51.7439,175.8539,0.0452,-0.0034,0.0486
2022-01-03 06:32:00,176.1420,176.1660,176.1140,176.1460,153,176.1447,176.0179,175.8646,176.1455,176.0267,175.8897,53.1990,52.9566,51.5478,175.8544,0.0424,-0.0050,0.0474
2022-01-03 06:34:00,176.1020,176.1270,176.0550,176.0860,1330,176.1496,176.0211,175.8679,176.1347,176.0290,175.8936,46.1506,51.5922,50.9320,175.8577,0.0349,-0.0100,0.0449
2022-01-03 06:35:00,176.1420,176.1660,176.1140,176.1460,150,176.1546,176.0268,175.8726,176.1367,176.0336,175.8986,53.0606,52.8323,51.5170,175.8582,0.0334,-0.0092,0.0426
2022-01-03 06:36:00,176.2010,176.2250,176.1740,176.2050,138,176.1576,176.0329,175.8765,176.1492,176.0403,175.9046,58.8325,54.0143,52.0845,175.8587,0.0365,-0.0048,0.0414
2022-01-03 06:37:00,176.1420,176.1660,176.0450,176.0770,966,176.1458,176.0369,175.8787,176.1360,176.0417,175.9080,45.3811,51.1752,50.7821,175.8611,0.0284,-0.0104,0.0388
2022-01-03 06:39:00,176.1620,176.1860,176.1340,176.1650,100,176.1408,176.0424,175.8819,176.1413,176.0466,175.9131,53.5022,52.9115,51.6221,175.8614,0.0287,-0.0081,0.0367
2022-01-03 06:40:00,176.1620,176.1860,176.0650,176.0960,202,176.1437,176.0450,175.8840,176.1331,176.0485,175.9167,47.3665,51.4477,50.9336,175.8620,0.0231,-0.0109,0.0340
2022-01-03 06:41:00,176.0930,176.1170,176.0650,176.0960,110,176.1338,176.0475,175.8871,176.1263,176.0504,175.9203,47.3665,51.4477,50.9336,175.8623,0.0184,-0.0125,0.0309
2022-01-03 06:44:00,176.0930,176.1170,176.0350,176.0670,995,176.1249,176.0491,175.8914,176.1155,176.0510,175.9232,44.7062,50.8322,50.6439,175.8645,0.0123,-0.0149,0.0272
2022-01-03 06:45:00,176.0140,176.0480,175.9860,176.0270,607,176.1111,176.0513,175.8953,176.0994,176.0501,175.9253,41.1631,49.9906,50.2458,175.8654,0.0041,-0.0184,0.0226
2022-01-03 06:46:00,176.0230,176.0480,175.9960,176.0270,243,176.0992,176.0528,175.8977,176.0863,176.0492,175.9273,41.1631,49.9906,50.2458,175.8658,-0.0023,-0.0199,0.0176
2022-01-03 06:47:00,176.0230,176.0480,175.9960,176.0270,123,176.0933,176.0544,175.9003,176.0755,176.0483,175.9292,41.1631,49.9906,50.2458,175.8660,-0.0073,-0.0199,0.0126
2022-01-03 06:52:00,176.0630,176.1170,176.0350,176.0770,386,176.0864,176.0592,175.9043,176.0758,176.0494,175.9322,48.2021,51.0666,50.7446,175.8669,-0.0072,-0.0158,0.0086
2022-01-03 06:53:00,176.0630,176.1170,176.0350,176.0960,558,176.0755,176.0629,175.9089,176.0794,176.0513,175.9354,50.6927,51.4715,50.9335,175.8681,-0.0055,-0.0113,0.0058
2022-01-03 06:54:00,176.1520,176.1760,176.1240,176.1560,100,176.0834,176.0682,175.9141,176.0934,176.0554,175.9398,57.8107,52.7318,51.5262,175.8684,0.0007,-0.0041,0.0048
2022-01-03 06:55:00,176.1520,176.1760,176.1240,176.1560,112,176.0825,176.0740,175.9197,176.1048,176.0593,175.9441,57.8107,52.7318,51.5262,175.8687,0.0055,0.0006,0.0049
2022-01-03 06:57:00,176.2110,176.2450,176.1830,176.2250,439,176.0954,176.0793,175.9256,176.1266,176.0658,175.9496,64.9868,54.1574,52.2037,175.8703,0.0148,0.0079,0.0069
2022-01-03 06:59:00,176.2110,176.2350,176.1830,176.2150,350,176.1073,176.0845,175.9320,176.1427,176.0717,175.9549,63.2543,53.9170,52.0971,175.8715,0.0210,0.0113,0.0097
2022-01-03 07:00:00,176.2210,176.2850,176.1440,176.2440,8279,176.1250,176.0904,175.9387,176.1611,176.0784,175.9606,66.1612,54.5146,52.3819,175.8989,0.0280,0.0146,0.0134
2022-01-03 07:01:00,176.2110,176.2350,176.1830,176.2150,300,176.1438,176.0973,175.9455,176.1709,176.0838,175.9656,60.8156,53.8026,52.0692,175.8997,0.0309,0.0140,0.0169
2022-01-03 07:02:00,176.1620,176.2450,176.1340,176.2250,1294,176.1636,176.1034,175.9515,176.1807,176.0893,175.9708,61.9922,54.0139,52.1687,175.9033,0.0335,0.0133,0.0202
2022-01-03 07:03:00,176.2110,176.2350,176.1440,176.1750,982,176.1784,176.1087,175.9575,176.1797,176.0927,175.9748,53.1293,52.7820,51.6276,175.9059,0.0313,0.0088,0.0224
2022-01-03 07:04:00,176.1620,176.1860,176.0750,176.1060,1706,176.1813,176.1127,175.9628,176.1663,176.0932,175.9774,43.5766,51.1395,50.8919,175.9092,0.0236,0.0009,0.0227
2022-01-03 07:05:00,176.1120,176.1560,176.0850,176.1360,287,176.1853,176.1166,175.9684,176.1608,176.0949,175.9806,48.0859,51.8049,51.1973,175.9097,0.0197,-0.0023,0.0221
2022-01-03 07:06:00,176.1120,176.1370,176.0750,176.1060,900,176.1803,176.1200,175.9740,176.1508,176.0953,175.9830,44.1642,51.0948,50.8777,175.9113,0.0141,-0.0064,0.0205
2022-01-03 07:07:00,176.0630,176.1370,176.0250,176.0570,1560,176.1704,176.1224,175.9785,176.1338,176.0938,175.9845,38.4702,49.9538,50.3589,175.9135,0.0056,-0.0119,0.0175
2022-01-03 07:08:00,176.0730,176.0970,176.0060,176.0370,970,176.1516,176.1244,175.9822,176.1162,176.0916,175.9856,36.3451,49.4934,50.1481,175.9147,-0.0027,-0.0162,0.0135
2022-01-03 07:09:00,176.0630,176.1370,176.0350,176.1160,2616,176.1417,176.1263,175.9869,176.1161,176.0925,175.9881,48.7664,51.3023,50.9670,175.9187,-0.0029,-0.0131,0.0102
2022-01-03 07:10:00,176.1120,176.1370,176.0850,176.1160,100,176.1289,176.1279,175.9914,176.1161,176.0935,175.9907,48.7664,51.3023,50.9670,175.9189,-0.0030,-0.0106,0.0075
2022-01-03 07:11:00,176.1320,176.1560,176.0450,176.0770,1672,176.1151,176.1273,175.9956,176.1090,176.0928,175.9924,43.5831,50.3749,50.5488,175.9213,-0.0062,-0.0110,0.0048
2022-01-03 07:12:00,176.0730,176.0970,175.9560,175.9880,3444,176.0914,176.1244,175.9987,176.0870,176.0887,175.9923,34.3307,48.3401,49.6104,175.9239,-0.0157,-0.0164,0.0007
2022-01-03 07:13:00,176.0430,176.0970,176.0160,176.0770,2235,176.0816,176.1236,176.0033,176.0852,176.0882,175.9940,46.8644,50.3851,50.5379,175.9264,-0.0158,-0.0132,-0.0026
2022-01-03 07:14:00,176.1020,176.1270,176.0750,176.1060,880,176.0816,176.1234,176.0082,176.0890,176.0889,175.9962,50.2988,51.0297,50.8358,175.9276,-0.0135,-0.0087,-0.0048
2022-01-03 07:15:00,176.0730,176.0970,176.0250,176.0570,660,176.0737,176.1222,176.0110,176.0832,176.0877,175.9974,44.8558,49.9117,50.3186,175.9283,-0.0154,-0.0085,-0.0069
2022-01-03 07:16:00,176.0530,176.0770,175.9860,176.0170,1020,176.0648,176.1196,176.0143,176.0711,176.0849,175.9978,40.8466,49.0172,49.9000,175.9291,-0.0199,-0.0104,-0.0095
2022-01-03 07:17:00,176.0140,176.0380,175.9860,176.0170,3524,176.0608,176.1163,176.0175,176.0613,176.0823,175.9982,40.8466,49.0172,49.9000,175.9314,-0.0232,-0.0110,-0.0122
2022-01-03 07:18:00,176.0040,176.0380,175.9660,176.0070,3150,176.0578,176.1129,176.0204,176.0514,176.0793,175.9983,39.7500,48.7896,49.7943,175.9331,-0.0263,-0.0113,-0.0151
2022-01-03 07:19:00,176.0040,176.0280,175.9760,176.0070,306,176.0469,176.1103,176.0221,176.0433,176.0765,175.9985,39.7500,48.7896,49.7943,175.9332,-0.0285,-0.0107,-0.0177
2022-01-03 07:20:00,176.0530,176.0870,176.0250,176.0570,300,176.0410,176.1094,176.0250,176.0458,176.0757,175.9997,48.3150,49.9984,50.3309,175.9335,-0.0258,-0.0065,-0.0194
2022-01-03 07:22:00,176.0530,176.0770,176.0160,176.0470,1377,176.0380,176.1090,176.0285,176.0460,176.0746,176.0006,46.8354,49.7587,50.2224,175.9347,-0.0243,-0.0039,-0.0203
2022-01-03 07:23:00,176.0230,176.0480,175.9860,176.0170,464,176.0409,176.1080,176.0303,176.0408,176.0723,176.0009,42.4974,49.0390,49.8967,175.9349,-0.0252,-0.0039,-0.0213
2022-01-03 07:24:00,176.0040,176.0280,175.9760,176.0070,100,176.0339,176.1074,176.0319,176.0346,176.0698,176.0010,41.0879,48.7989,49.7880,175.9350,-0.0264,-0.0041,-0.0223
2022-01-03 07:25:00,176.0140,176.0380,175.9560,175.9880,659,176.0221,176.1052,176.0333,176.0261,176.0666,176.0008,38.3993,48.3401,49.5806,175.9353,-0.0286,-0.0050,-0.0236
2022-01-03 07:26:00,175.9940,176.0280,175.9660,175.9980,2300,176.0162,176.1017,176.0343,176.0210,176.0639,176.0007,40.6697,48.5997,49.6920,175.9363,-0.0291,-0.0044,-0.0247
2022-01-03 07:27:00,175.9940,176.0380,175.9370,175.9680,8313,176.0113,176.0971,176.0364,176.0114,176.0601,176.0001,36.2199,47.8635,49.3616,175.9388,-0.0316,-0.0056,-0.0261
2022-01-03 07:28:00,175.9640,175.9880,175.8870,175.9480,1836,176.0044,176.0918,176.0382,175.9999,176.0557,175.9991,33.5044,47.3754,49.1415,175.9388,-0.0348,-0.0070,-0.0278
2022-01-03 07:29:00,175.9940,176.0180,175.9460,175.9780,1600,176.0015,176.0900,176.0404,175.9959,176.0527,175.9986,40.8903,48.1843,49.4827,175.9393,-0.0346,-0.0054,-0.0292
2022-01-03 07:30:00,175.9540,175.9980,175.9170,175.9780,600,175.9986,176.0857,176.0417,175.9926,176.0497,175.9982,40.8903,48.1843,49.4827,175.9394,-0.0339,-0.0038,-0.0301
2022-01-03 07:31:00,175.9640,175.9880,175.8380,175.8690,2232,175.9798,176.0799,176.0426,175.9702,176.0426,175.9957,27.2924,45.5364,48.2819,175.9388,-0.0418,-0.0093,-0.0325
2022-01-03 07:32:00,175.8560,175.9490,175.8280,175.9280,400,175.9679,176.0752,176.0439,175.9625,176.0381,175.9943,39.4104,47.1408,48.9591,175.9387,-0.0427,-0.0082,-0.0345
2022-01-03 07:33:00,175.9150,175.9390,175.8870,175.9190,100,175.9581,176.0706,176.0443,175.9546,176.0335,175.9928,38.3277,46.9256,48.8605,175.9387,-0.0437,-0.0073,-0.0363
2022-01-03 07:34:00,175.9640,176.0180,175.9370,175.9980,2664,175.9572,176.0689,176.0450,175.9625,176.0321,175.9929,51.3604,49.0102,49.7576,175.9394,-0.0377,-0.0011,-0.0366
2022-01-03 07:36:00,175.9350,175.9590,175.8870,175.9280,550,175.9512,176.0645,176.0457,175.9562,176.0280,175.9917,42.5150,47.3294,48.9885,175.9394,-0.0381,-0.0012,-0.0369
2022-01-03 07:39:00,175.9940,176.0180,175.9660,175.9980,400,175.9512,176.0604,176.0467,175.9638,176.0268,175.9918,51.7483,49.1103,49.7727,175.9395,-0.0324,0.0036,-0.0360
2022-01-03 07:40:00,175.9940,176.0280,175.9660,175.9980,303,175.9542,176.0588,176.0478,175.9700,176.0257,175.9919,51.7483,49.1103,49.7727,175.9396,-0.0276,0.0067,-0.0343
2022-01-03 07:41:00,176.0040,176.0380,175.9660,176.0170,600,175.9611,176.0558,176.0491,175.9786,176.0254,175.9924,54.2128,49.5920,49.9856,175.9399,-0.0220,0.0099,-0.0318
2022-01-03 07:42:00,176.0230,176.0480,175.9860,176.0270,1000,175.9660,176.0545,176.0497,175.9874,176.0254,175.9931,55.5407,49.8469,50.0981,175.9404,-0.0165,0.0123,-0.0288
2022-01-03 07:43:00,176.0630,176.0870,176.0350,176.0670,785,175.9749,176.0539,176.0507,176.0018,176.0271,175.9945,60.6170,50.8614,50.5474,175.9410,-0.0089,0.0159,-0.0248
2022-01-03 07:44:00,176.0430,176.0670,175.9960,176.0270,1700,175.9907,176.0531,176.0511,176.0064,176.0270,175.9952,53.7926,49.8329,50.0918,175.9419,-0.0060,0.0151,-0.0210
2022-01-03 07:45:00,176.0140,176.0580,175.9560,176.0070,650,175.9986,176.0527,176.0520,176.0065,176.0263,175.9954,50.6261,49.3240,49.8648,175.9422,-0.0052,0.0126,-0.0179
2022-01-03 07:47:00,175.9940,176.0180,175.9370,175.9680,1107,176.0035,176.0515,176.0522,175.9995,176.0240,175.9949,44.8996,48.3417,49.4237,175.9424,-0.0077,0.0081,-0.0158
2022-01-03 07:48:00,175.9840,176.0080,175.9370,175.9880,926,176.0025,176.0507,176.0526,175.9974,176.0226,175.9947,48.2359,48.8745,49.6544,175.9426,-0.0080,0.0063,-0.0143
2022-01-03 07:49:00,175.9740,176.0080,175.9460,175.9780,398,176.0075,176.0487,176.0540,175.9939,176.0208,175.9944,46.6661,48.6186,49.5403,175.9427,-0.0089,0.0043,-0.0132
2022-01-03 07:51:00,176.0140,176.0380,175.9560,175.9880,324,176.0065,176.0466,176.0547,175.9928,176.0195,175.9943,48.5274,48.8916,49.6572,175.9428,-0.0087,0.0036,-0.0123
2022-01-03 07:52:00,175.9940,176.0180,175.9560,175.9880,599,176.0055,176.0432,176.0557,175.9919,176.0183,175.9942,48.5274,48.8916,49.6572,175.9429,-0.0084,0.0031,-0.0115
2022-01-03 07:53:00,176.0140,176.0380,175.9560,175.9880,351,176.0026,176.0399,176.0569,175.9912,176.0171,175.9940,48.5274,48.8916,49.6572,175.9431,-0.0081,0.0027,-0.0108
2022-01-03 07:55:00,176.0140,176.0380,175.9760,176.0070,799,176.0006,176.0355,176.0574,175.9941,176.0167,175.9943,52.8187,49.4340,49.8845,175.9434,-0.0063,0.0036,-0.0099
2022-01-03 07:56:00,175.9840,176.0080,175.9560,175.9880,231,175.9927,176.0310,176.0577,175.9930,176.0156,175.9942,48.3407,48.9044,49.6580,175.9434,-0.0063,0.0029,-0.0092
2022-01-03 07:58:00,175.9940,176.0180,175.9660,175.9980,100,175.9898,176.0260,176.0582,175.9939,176.0149,175.9942,50.7809,49.1967,49.7792,175.9434,-0.0054,0.0030,-0.0085
2022-01-03 07:59:00,175.9840,176.0080,175.9560,175.9880,369,175.9879,176.0215,176.0594,175.9928,176.0138,175.9941,48.2485,48.9112,49.6584,175.9435,-0.0055,0.0024,-0.0079
2022-01-03 08:00:00,176.1320,176.2650,175.8380,176.0070,77747,175.9918,176.0171,176.0603,175.9954,176.0136,175.9944,53.1779,49.4796,49.8918,175.9729,-0.0040,0.0031,-0.0071
2022-01-03 08:01:00,176.0230,176.0480,175.9960,176.0270,100,175.9957,176.0142,176.0615,176.0011,176.0141,175.9950,57.8713,50.0762,50.1375,175.9730,-0.0011,0.0048,-0.0059
2022-01-03 08:02:00,175.9940,176.0480,175.9560,176.0270,2195,176.0006,176.0126,176.0626,176.0058,176.0146,175.9957,57.8713,50.0762,50.1375,175.9733,0.0011,0.0056,-0.0045
2022-01-03 08:03:00,176.0330,176.0580,176.0060,176.0370,206,176.0055,176.0106,176.0636,176.0115,176.0155,175.9965,60.3261,50.3812,50.2619,175.9733,0.0037,0.0065,-0.0029
2022-01-03 08:04:00,176.0630,176.1370,176.0350,176.1160,6004,176.0183,176.0108,176.0654,176.0305,176.0194,175.9988,73.7516,52.7106,51.2331,175.9762,0.0119,0.0118,0.0001
2022-01-03 08:05:00,176.1120,176.1560,176.0850,176.1360,567,176.0331,176.0124,176.0674,176.0497,176.0240,176.0016,76.0330,53.2772,51.4753,175.9766,0.0198,0.0158,0.0040
2022-01-03 08:06:00,176.0830,176.1460,176.0350,176.1260,1472,176.0450,176.0142,176.0693,176.0636,176.0280,176.0040,72.5308,52.9535,51.3465,175.9773,0.0250,0.0168,0.0082
2022-01-03 08:07:00,176.1120,176.1760,176.0850,176.1560,2321,176.0618,176.0150,176.0707,176.0804,176.0330,176.0070,76.1870,53.8126,51.7127,175.9787,0.0312,0.0184,0.0128
2022-01-03 08:08:00,176.1220,176.2060,176.0950,176.1850,2722,176.0805,176.0164,176.0721,176.0994,176.0390,176.0106,79.1656,54.6298,52.0651,175.9806,0.0380,0.0201,0.0179
2022-01-03 08:09:00,176.1910,176.2160,176.1440,176.1750,650,176.0992,176.0183,176.0728,176.1131,176.0443,176.0138,75.5452,54.2918,51.9331,175.9811,0.0421,0.0194,0.0227
2022-01-03 08:10:00,175.3420,176.2060,175.3150,176.1650,7278,176.1150,176.0219,176.0731,176.1226,176.0490,176.0168,71.8921,53.9512,51.8005,175.9788,0.0440,0.0170,0.0270
2022-01-03 08:11:00,176.1620,176.1860,176.0850,176.1160,3901,176.1239,176.0226,176.0731,176.1214,176.0517,176.0188,56.9093,52.3103,51.1538,175.9810,0.0411,0.0113,0.0298
2022-01-03 08:12:00,176.1120,176.1370,176.0550,176.0860,8301,176.1298,176.0222,176.0728,176.1149,176.0530,176.0201,49.8430,51.3348,50.7619,175.9842,0.0360,0.0049,0.0310
2022-01-03 08:13:00,176.1120,176.1370,176.0750,176.1060,3200,176.1367,176.0232,176.0727,176.1133,176.0551,176.0218,54.0677,51.9444,51.0146,175.9856,0.0331,0.0017,0.0314
2022-01-03 08:14:00,176.0930,176.1370,176.0450,176.1160,3688,176.1367,176.0252,176.0724,176.1138,176.0575,176.0237,56.1210,52.2496,51.1413,175.9871,0.0313,-0.0001,0.0314
2022-01-03 08:15:00,176.1120,176.1560,176.0750,176.1160,9522,176.1347,176.0272,176.0717,176.1142,176.0598,176.0255,56.1210,52.2496,51.1413,175.9912,0.0296,-0.0015,0.0310
2022-01-03 08:16:00,176.1120,176.1370,176.0550,176.0860,3740,176.1307,176.0288,176.0708,176.1091,176.0608,176.0267,48.1492,51.2333,50.7397,175.9924,0.0254,-0.0045,0.0299
2022-01-03 08:17:00,176.0830,176.1070,176.0450,176.0860,979,176.1237,176.0303,176.0703,176.1049,176.0618,176.0279,48.1492,51.2333,50.7397,175.9927,0.0219,-0.0064,0.0283
2022-01-03 08:18:00,176.1020,176.1560,176.0550,176.1360,1750,176.1188,176.0319,176.0706,176.1105,176.0647,176.0300,59.8764,52.8256,51.3888,175.9934,0.0229,-0.0043,0.0272
2022-01-03 08:19:00,176.1020,176.1660,176.0750,176.1460,1600,176.1159,176.0339,176.0714,176.1170,176.0679,176.0323,61.7965,53.1379,51.5178,175.9941,0.0242,-0.0024,0.0266
2022-01-03 08:20:00,176.1220,176.2250,176.0950,176.2050,3682,176.1199,176.0377,176.0728,176.1330,176.0733,176.0357,70.9196,54.9340,52.2729,175.9963,0.0297,0.0024,0.0272
2022-01-03 08:21:00,176.1320,176.1760,176.1040,176.1560,1740,176.1239,176.0406,176.0740,176.1372,176.0765,176.0381,58.1135,53.2058,51.5988,175.9971,0.0297,0.0020,0.0277
2022-01-03 08:22:00,176.1520,176.1860,176.1140,176.1460,2097,176.1299,176.0438,176.0745,176.1388,176.0792,176.0402,55.8276,52.8596,51.4619,175.9981,0.0286,0.0007,0.0279
2022-01-03 08:23:00,176.1720,176.2350,176.1440,176.1950,1183,176.1388,176.0477,176.0747,176.1490,176.0838,176.0433,63.6189,54.3453,52.0907,175.9988,0.0313,0.0027,0.0286
2022-01-03 08:24:00,176.1620,176.1860,176.1240,176.1650,1386,176.1437,176.0517,176.0744,176.1519,176.0870,176.0457,56.8031,53.2959,51.6767,175.9995,0.0307,0.0017,0.0290
2022-01-03 08:25:00,176.1900,176.2150,176.0750,176.1060,14884,176.1427,176.0548,176.0733,176.1436,176.0877,176.0469,46.0277,51.3077,50.8735,176.0055,0.0251,-0.0031,0.0282
2022-01-03 08:26:00,176.1120,176.1370,176.0850,176.1160,2246,176.1457,176.0576,176.0738,176.1386,176.0888,176.0483,47.8893,51.6199,51.0039,176.0062,0.0213,-0.0055,0.0268
2022-01-03 08:28:00,176.1020,176.1270,176.0550,176.0860,5050,176.1457,176.0598,176.0727,176.1290,176.0887,176.0490,42.9510,50.6264,50.5970,176.0074,0.0156,-0.0090,0.0246
2022-01-03 08:29:00,176.0830,176.1460,176.0550,176.1260,510,176.1447,176.0649,176.0724,176.1285,176.0902,176.0506,50.5113,51.8862,51.1222,176.0076,0.0142,-0.0083,0.0225
2022-01-03 08:30:00,176.1120,176.1460,176.0550,176.1260,3617,176.1427,176.0689,176.0720,176.1280,176.0916,176.0520,50.5113,51.8862,51.1222,176.0087,0.0130,-0.0076,0.0206
2022-01-03 08:31:00,176.0930,176.1170,176.0550,176.0860,1251,176.1308,176.0722,176.0714,176.1204,176.0914,176.0527,43.4092,50.5434,50.5736,176.0089,0.0086,-0.0096,0.0182
2022-01-03 08:32:00,176.0830,176.1170,176.0350,176.0670,1394,176.1219,176.0736,176.0712,176.1107,176.0904,176.0530,40.4104,49.9172,50.3146,176.0092,0.0036,-0.0117,0.0153
2022-01-03 08:33:00,176.0230,176.0970,175.9860,176.0770,3925,176.1150,176.0766,176.0705,176.1045,176.0899,176.0535,42.7243,50.2482,50.4495,176.0097,0.0005,-0.0119,0.0123
2022-01-03 08:34:00,176.0230,176.0480,175.8970,175.9580,10047,176.0913,176.0758,176.0681,176.0779,176.0847,176.0516,28.2303,46.5149,48.8548,176.0085,-0.0115,-0.0191,0.0076
2022-01-03 08:35:00,175.9350,175.9980,175.9070,175.9780,9245,176.0726,176.0754,176.0671,176.0597,176.0805,176.0501,32.5061,47.1878,49.1278,176.0073,-0.0192,-0.0214,0.0022
2022-01-03 08:36:00,176.0140,176.0480,175.9860,176.0270,411,176.0647,176.0756,176.0657,176.0538,176.0784,176.0497,41.9248,48.7983,49.7910,176.0073,-0.0210,-0.0186,-0.0024
2022-01-03 08:37:00,175.9840,176.0080,175.9170,175.9580,1365,176.0489,176.0742,176.0643,176.0364,176.0737,176.0479,34.4114,46.7498,48.8846,176.0072,-0.0278,-0.0203,-0.0075
2022-01-03 08:38:00,176.0040,176.0280,175.9760,176.0070,368,176.0410,176.0730,176.0634,176.0310,176.0711,176.0470,42.5370,48.3218,49.5435,176.0072,-0.0288,-0.0171,-0.0118
2022-01-03 08:39:00,176.0140,176.0380,175.9460,175.9880,6940,176.0272,176.0722,176.0626,176.0232,176.0678,176.0459,40.3816,47.7639,49.2946,176.0069,-0.0308,-0.0153,-0.0156
2022-01-03 08:40:00,175.9640,175.9880,175.9070,175.9580,5085,176.0104,176.0712,176.0620,176.0113,176.0635,176.0441,37.0849,46.8916,48.9028,176.0061,-0.0344,-0.0151,-0.0193
2022-01-03 08:41:00,175.9350,175.9790,175.9070,175.9480,3101,175.9966,176.0708,176.0612,175.9998,176.0590,176.0422,35.9965,46.6021,48.7722,176.0056,-0.0377,-0.0147,-0.0230
2022-01-03 08:42:00,175.9350,175.9690,175.8770,175.9480,5757,175.9847,176.0700,176.0604,175.9904,176.0546,176.0404,35.9965,46.6021,48.7722,176.0045,-0.0398,-0.0134,-0.0264
2022-01-03 08:43:00,175.9540,175.9880,175.8970,175.9580,2364,175.9728,176.0696,176.0592,175.9845,176.0508,176.0387,38.2345,46.9432,48.9114,176.0042,-0.0402,-0.0111,-0.0291
2022-01-03 08:44:00,175.9440,175.9690,175.8480,175.8990,5290,175.9669,176.0678,176.0572,175.9690,176.0449,176.0360,31.1045,45.2050,48.1323,176.0029,-0.0447,-0.0125,-0.0323
2022-01-03 08:45:00,175.9050,175.9390,175.8680,175.8990,1633,175.9590,176.0661,176.0546,175.9562,176.0392,176.0333,31.1045,45.2050,48.1323,176.0025,-0.0478,-0.0124,-0.0354
2022-01-03 08:46:00,175.8950,175.9880,175.8680,175.9580,2772,175.9521,176.0655,176.0527,175.9566,176.0360,176.0318,43.9976,47.2392,48.9618,176.0020,-0.0450,-0.0077,-0.0373
2022-01-03 08:47:00,175.9540,175.9980,175.9270,175.9680,1582,175.9531,176.0647,176.0501,175.9586,176.0333,176.0305,45.9041,47.5757,49.1011,176.0019,-0.0414,-0.0033,-0.0381
2022-01-03 08:48:00,175.9740,175.9980,175.9270,175.9580,4034,175.9482,176.0641,176.0475,175.9585,176.0304,176.0291,44.2310,47.2680,48.9661,176.0015,-0.0390,-0.0007,-0.0383
2022-01-03 08:49:00,175.9740,175.9980,175.9460,175.9780,250,175.9472,176.0637,176.0449,175.9621,176.0283,176.0281,48.4095,47.9550,49.2481,176.0015,-0.0350,0.0026,-0.0376
2022-01-03 08:50:00,175.9840,176.0080,175.9370,175.9880,2105,175.9502,176.0637,176.0426,175.9668,176.0267,176.0273,50.4711,48.2986,49.3893,176.0013,-0.0307,0.0055,-0.0362
2022-01-03 08:51:00,175.9940,176.0180,175.9460,175.9780,484,175.9532,176.0631,176.0401,175.9688,176.0248,176.0263,48.3254,47.9754,49.2509,176.0013,-0.0278,0.0068,-0.0346
2022-01-03 08:52:00,176.0040,176.0280,175.9370,175.9680,400,175.9552,176.0619,176.0381,175.9687,176.0226,176.0251,46.1456,47.6500,49.1118,176.0013,-0.0260,0.0069,-0.0328
2022-01-03 08:53:00,176.0140,176.0380,175.9170,175.9480,2774,175.9542,176.0603,176.0365,175.9649,176.0197,176.0236,41.9414,46.9994,48.8333,176.0011,-0.0259,0.0056,-0.0314
2022-01-03 08:54:00,175.9440,175.9790,175.8380,175.8690,6260,175.9512,176.0570,176.0338,175.9475,176.0138,176.0205,29.9613,44.5480,47.7527,175.9995,-0.0318,-0.0003,-0.0315
2022-01-03 08:55:00,175.8650,175.8900,175.7890,175.8490,6084,175.9462,176.0516,176.0312,175.9296,176.0073,176.0171,27.7330,43.9557,47.4840,175.9973,-0.0377,-0.0049,-0.0327
2022-01-03 08:56:00,175.8460,175.8700,175.6210,175.7210,29345,175.9225,176.0433,176.0279,175.8916,175.9961,176.0113,18.1395,40.4441,45.8173,175.9806,-0.0520,-0.0154,-0.0366
2022-01-03 08:57:00,175.7170,175.7710,175.5520,175.6220,14378,175.8879,176.0333,176.0237,175.8426,175.9814,176.0036,13.9827,38.0453,44.5945,175.9705,-0.0706,-0.0272,-0.0434
2022-01-03 08:58:00,175.6380,175.6920,175.3540,175.4540,15645,175.8375,176.0192,176.0171,175.7720,175.9607,175.9927,9.7640,34.5018,42.6436,175.9553,-0.0977,-0.0435,-0.0543
2022-01-03 08:59:00,175.4510,175.6130,175.3840,175.4250,17911,175.7822,176.0040,176.0102,175.7089,175.9397,175.9815,9.2298,33.9449,42.3208,175.9383,-0.1202,-0.0528,-0.0675
2022-01-03 09:00:00,175.4110,175.4850,175.2950,175.4640,23714,175.7298,175.9898,176.0041,175.6644,175.9211,175.9712,16.0887,35.3763,42.9079,175.9148,-0.1333,-0.0527,-0.0806
2022-01-03 09:01:00,175.4510,175.5740,175.2950,175.3360,20569,175.6656,175.9732,175.9975,175.6047,175.8981,175.9586,12.6131,32.9827,41.5073,175.8956,-0.1523,-0.0573,-0.0950
2022-01-03 09:02:00,175.3320,175.6130,175.2950,175.4350,10330,175.6123,175.9596,175.9911,175.5738,175.8800,175.9483,26.2962,36.3800,42.9619,175.8873,-0.1575,-0.0501,-0.1075
2022-01-03 09:03:00,175.4010,175.4550,175.2950,175.3260,7967,175.5501,175.9444,175.9833,175.5288,175.8582,175.9359,22.0689,34.4197,41.8057,175.8799,-0.1685,-0.0488,-0.1197
2022-01-03 09:04:00,175.2930,175.4450,175.2460,175.4250,8224,175.5057,175.9308,175.9770,175.5099,175.8412,175.9258,32.9471,37.5389,43.2079,175.8726,-0.1673,-0.0381,-0.1292
2022-01-03 09:05:00,175.4310,175.5540,175.4030,175.4450,10810,175.4653,175.9174,175.9713,175.4981,175.8257,175.9163,34.9842,38.1454,43.4857,175.8652,-0.1629,-0.0269,-0.1360
2022-01-03 09:06:00,175.4310,175.5540,175.3940,175.4740,5162,175.4406,175.9045,175.9659,175.4937,175.8119,175.9075,38.0181,39.0215,43.8878,175.8618,-0.1552,-0.0154,-0.1398
2022-01-03 09:07:00,175.4900,175.5240,175.3940,175.5040,5268,175.4288,175.8929,175.9608,175.4956,175.7998,175.8995,41.1733,39.9197,44.3020,175.8583,-0.1451,-0.0042,-0.1409
2022-01-03 09:08:00,175.5000,175.5340,175.4330,175.5140,3020,175.4348,175.8814,175.9559,175.4989,175.7886,175.8919,42.2619,40.2192,44.4400,175.8565,-0.1347,0.0050,-0.1396
2022-01-03 09:09:00,175.5100,175.5840,175.4820,175.5330,2440,175.4456,175.8694,175.9507,175.5051,175.7786,175.8848,44.4327,40.7915,44.7031,175.8552,-0.1235,0.0129,-0.1364
2022-01-03 09:10:00,175.5400,175.6230,175.5120,175.5730,8509,175.4565,175.8579,175.9459,175.5175,175.7705,175.8786,48.9246,41.9845,45.2543,175.8512,-0.1101,0.0210,-0.1311
2022-01-03 09:11:00,175.5490,175.5930,175.4920,175.5430,4926,175.4772,175.8447,175.9412,175.5221,175.7616,175.8720,45.8368,41.3469,44.9151,175.8487,-0.1008,0.0243,-0.1251
2022-01-03 09:12:00,175.5200,175.5440,175.4030,175.4350,5963,175.4772,175.8303,175.9355,175.5063,175.7488,175.8633,36.5977,39.1621,43.7235,175.8450,-0.1009,0.0193,-0.1202
2022-01-03 09:13:00,175.4310,175.5140,175.4030,175.4840,443,175.4930,175.8170,175.9304,175.5022,175.7384,175.8558,42.4459,40.6149,44.3995,175.8448,-0.0960,0.0194,-0.1154
2022-01-03 09:14:00,175.4700,175.5640,175.4430,175.5430,4290,175.5048,175.8040,175.9259,175.5096,175.7308,175.8496,48.7681,42.3075,45.2001,175.8425,-0.0863,0.0233,-0.1096
2022-01-03 09:15:00,175.5200,175.5440,175.4330,175.4640,5900,175.5067,175.7900,175.9208,175.5013,175.7203,175.8420,41.9176,40.7217,44.3366,175.8391,-0.0840,0.0204,-0.1045
2022-01-03 09:16:00,175.4310,175.5440,175.3240,175.5240,8526,175.5117,175.7783,175.9166,175.5055,175.7126,175.8357,48.0731,42.3951,45.1406,175.8341,-0.0765,0.0224,-0.0989
2022-01-03 09:17:00,175.5200,175.5640,175.4920,175.5240,10961,175.5137,175.7665,175.9120,175.5088,175.7052,175.8295,48.0731,42.3951,45.1406,175.8290,-0.0698,0.0233,-0.0930
2022-01-03 09:18:00,175.5790,175.6030,175.4920,175.5830,1873,175.5206,175.7564,175.9081,175.5223,175.7004,175.8246,53.9923,44.0133,45.9243,175.8282,-0.0590,0.0273,-0.0862
2022-01-03 09:19:00,175.5590,175.6430,175.5320,175.6120,5147,175.5285,175.7461,175.9055,175.5386,175.6969,175.8204,56.6887,44.7912,46.3051,175.8264,-0.0475,0.0310,-0.0785
2022-01-03 09:20:00,175.6090,175.6330,175.3940,175.4250,13474,175.5137,175.7321,175.9005,175.5180,175.6863,175.8126,39.9244,41.0394,44.2743,175.8195,-0.0529,0.0204,-0.0734
2022-01-03 09:21:00,175.4410,175.5340,175.4130,175.5140,2050,175.5108,175.7207,175.8964,175.5172,175.6795,175.8067,48.0488,43.3441,45.4250,175.8185,-0.0495,0.0191,-0.0686
2022-01-03 09:22:00,175.4510,175.5740,175.3740,175.5530,5879,175.5226,175.7104,175.8920,175.5237,175.6746,175.8017,51.2582,44.3173,45.9193,175.8158,-0.0431,0.0204,-0.0635
2022-01-03 09:23:00,175.4510,175.5930,175.4030,175.5730,3421,175.5315,175.7003,175.8884,175.5327,175.6706,175.7971,52.9156,44.8134,46.1718,175.8143,-0.0360,0.0220,-0.0580
2022-01-03 09:24:00,175.4800,175.5440,175.4130,175.5240,1170,175.5296,175.6916,175.8837,175.5311,175.6648,175.7917,48.4324,43.8370,45.6443,175.8138,-0.0339,0.0193,-0.0532
2022-01-03 09:25:00,175.5490,175.6330,175.4130,175.5730,9916,175.5405,175.6835,175.8795,175.5387,175.6612,175.7874,52.8692,45.0585,46.2644,175.8098,-0.0280,0.0201,-0.0481
2022-01-03 09:26:00,175.5790,175.6230,175.5420,175.5730,5941,175.5454,175.6745,175.8750,175.5450,175.6578,175.7831,52.8692,45.0585,46.2644,175.8079,-0.0231,0.0201,-0.0431
2022-01-03 09:27:00,175.5690,175.6230,175.4630,175.5730,92231,175.5503,175.6668,175.8705,175.5501,175.6544,175.7790,52.8692,45.0585,46.2644,175.7782,-0.0189,0.0194,-0.0383
2022-01-03 09:28:00,175.5790,175.6030,175.5320,175.5830,11011,175.5503,175.6583,175.8656,175.5560,175.6516,175.7751,53.9777,45.3164,46.3930,175.7754,-0.0147,0.0189,-0.0336
2022-01-03 09:29:00,175.6090,175.7220,175.5810,175.6620,10652,175.5553,175.6518,175.8620,175.5753,175.6520,175.7729,61.8531,47.3100,47.3978,175.7739,-0.0049,0.0230,-0.0278
2022-01-03 09:30:00,175.6380,175.9880,175.4530,175.8490,1379510,175.5977,175.6496,175.8604,175.6251,175.6598,175.7744,73.6930,51.5743,49.6540,175.7672,0.0178,0.0365,-0.0187
2022-01-03 09:31:00,175.8160,176.8080,175.6210,176.6200,532446,175.7083,175.6630,175.8669,175.8060,175.6974,175.7911,89.1377,63.8747,57.2844,175.8810,0.0968,0.0924,0.0044
2022-01-03 09:32:00,176.5960,177.0850,176.5290,176.6460,373833,175.8176,175.6770,175.8735,175.9587,175.7346,175.8080,89.3715,64.1877,57.5038,175.9861,0.1597,0.1243,0.0355
2022-01-03 09:33:00,176.6460,176.8870,176.4430,176.7960,322699,175.9399,175.6937,175.8817,176.1109,175.7762,175.8276,90.6602,65.9258,58.7388,176.0543,0.2192,0.1470,0.0722
2022-01-03 09:34:00,176.7740,177.0160,176.6280,176.7230,323190,176.0598,175.7102,175.8890,176.2222,175.8134,175.8453,85.0819,64.3743,57.9115,176.1176,0.2574,0.1482,0.1093
2022-01-03 09:35:00,176.7250,177.1140,176.6470,177.0340,340891,176.2059,175.7329,175.8995,176.3698,175.8612,175.8689,88.4469,67.6808,60.3167,176.1855,0.3093,0.1600,0.1493
2022-01-03 09:36:00,177.0310,177.5690,177.0010,177.4000,450682,176.3886,175.7618,175.9136,176.5571,175.9216,175.8992,91.0783,70.9218,62.8409,176.2985,0.3755,0.1810,0.1945
2022-01-03 09:37:00,177.3960,178.1610,177.3480,178.0220,593494,176.6335,175.8028,175.9338,176.8235,176.0040,175.9412,93.7615,75.2294,66.4991,176.4772,0.4728,0.2226,0.2502
2022-01-03 09:38:00,178.0180,178.1020,177.4970,177.8930,471549,176.8645,175.8415,175.9528,177.0179,176.0780,175.9799,87.6846,72.9426,65.1553,176.5911,0.5333,0.2265,0.3068
2022-01-03 09:39:00,177.8910,178.0920,177.8320,178.0710,290616,177.1054,175.8834,175.9735,177.2094,176.1562,176.0213,88.7978,74.0531,66.1098,176.6605,0.5889,0.2257,0.3632
2022-01-03 09:40:00,178.0670,178.2010,177.9210,177.9820,349996,177.3187,175.9233,175.9935,177.3499,176.2278,176.0601,84.5521,72.5342,65.2077,176.7375,0.6186,0.2043,0.4143
2022-01-03 09:41:00,177.9590,178.1910,177.9210,178.0910,311873,177.4658,175.9655,176.0143,177.4846,176.3009,176.1003,85.4958,73.2207,65.7853,176.8008,0.6435,0.1834,0.4601
2022-01-03 09:42:00,178.0770,178.5070,178.0400,178.2880,479753,177.6300,176.0119,176.0369,177.6307,176.3788,176.1437,87.0807,74.4006,66.7917,176.9016,0.6714,0.1690,0.5024
2022-01-03 09:43:00,178.2820,178.5940,178.1090,178.4380,482996,177.7942,176.0617,176.0610,177.7775,176.4595,176.1891,88.1739,75.2479,67.5263,176.9966,0.6976,0.1562,0.5414
2022-01-03 09:44:00,178.4330,178.5960,178.2270,178.3330,309787,177.9552,176.1110,176.0840,177.8785,176.5330,176.2315,82.7289,73.5099,66.4863,177.0515,0.7018,0.1283,0.5735
2022-01-03 09:45:00,178.3340,178.5070,178.0100,178.2190,329308,178.0737,176.1584,176.1050,177.9404,176.5991,176.2709,76.9932,71.6759,65.3820,177.0997,0.6880,0.0916,0.5964
2022-01-03 09:46:00,178.2160,178.3390,178.0070,178.1300,261361,178.1467,176.2066,176.1250,177.9749,176.6592,176.3077,72.6254,70.2790,64.5367,177.1326,0.6622,0.0526,0.6096
2022-01-03 09:47:00,178.1370,178.1710,177.5560,177.6500,514227,178.1095,176.2472,176.1402,177.9158,176.6980,176.3343,54.2000,63.4716,60.2902,177.1706,0.5962,-0.0107,0.6069
2022-01-03 09:48:00,177.6630,177.7560,177.3580,177.5170,369742,178.0719,176.2884,176.1538,177.8433,176.7301,176.3577,50.2732,61.7797,59.2000,177.1854,0.5271,-0.0639,0.5909
2022-01-03 09:49:00,177.5100,177.7070,177.1900,177.6760,286081,178.0324,176.3334,176.1687,177.8129,176.7672,176.3838,54.6386,62.9834,60.0719,177.1955,0.4796,-0.0891,0.5687
2022-01-03 09:50:00,177.6820,177.7460,177.1210,177.7060,397507,178.0048,176.3783,176.1840,177.7934,176.8040,176.4100,55.4583,63.2065,60.2338,177.2086,0.4393,-0.1035,0.5428
2022-01-03 09:51:00,177.7220,177.8550,177.5460,177.6710,318744,177.9628,176.4250,176.1991,177.7712,176.8380,176.4350,54.1889,62.7562,59.9473,177.2235,0.3999,-0.1143,0.5142
2022-01-03 09:52:00,177.6820,177.8940,177.2150,177.2910,393738,177.8631,176.4621,176.2109,177.6839,176.8558,176.4519,42.4634,58.1656,56.9748,177.2325,0.3342,-0.1440,0.4782
2022-01-03 09:53:00,177.2770,177.7170,177.2200,177.4790,232317,177.7672,176.5052,176.2248,177.6466,176.8802,176.4723,48.5797,59.6555,58.0151,177.2376,0.2940,-0.1474,0.4414
2022-01-03 09:54:00,177.4900,177.9930,177.4270,177.9530,340546,177.7292,176.5557,176.2433,177.7023,176.9223,176.5016,60.3788,63.0417,60.4506,177.2543,0.2969,-0.1156,0.4125
2022-01-03 09:55:00,177.9590,178.0780,177.6350,178.0030,411972,177.7076,176.6069,176.2621,177.7570,176.9647,176.5313,61.4165,63.3726,60.6936,177.2772,0.2997,-0.0902,0.3899
2022-01-03 09:56:00,178.0080,178.6450,177.9410,178.4900,754593,177.7436,176.6672,176.2859,177.8903,177.0245,176.5701,69.9373,66.3657,62.9338,177.3428,0.3374,-0.0420,0.3794
2022-01-03 09:57:00,178.4720,178.6750,178.3060,178.6140,365670,177.8400,176.7294,176.3111,178.0219,177.0868,176.6106,71.7051,67.0649,63.4692,177.3768,0.3730,-0.0051,0.3781
2022-01-03 09:58:00,178.6200,178.6850,178.2070,178.2780,307762,177.9161,176.7847,176.3331,178.0684,177.1336,176.6436,60.9196,63.4194,61.0551,177.4006,0.3698,-0.0067,0.3765
2022-01-03 09:59:00,178.2540,178.3090,177.9610,178.1900,287387,177.9675,176.8378,176.3536,178.0905,177.1750,176.6742,58.3649,62.5113,60.4469,177.4167,0.3561,-0.0163,0.3724
2022-01-03 10:00:00,178.1960,178.6350,177.9820,178.6040,520759,178.0573,176.8984,176.3782,178.1839,177.2310,176.7124,65.8507,64.9225,62.2347,177.4538,0.3743,0.0015,0.3728
2022-01-03 10:01:00,178.6110,178.8720,178.4840,178.6930,648633,178.1595,176.9614,176.4031,178.2765,177.2884,176.7516,67.2570,65.4105,62.6018,177.5085,0.3914,0.0149,0.3765
2022-01-03 10:02:00,178.6800,178.7540,178.5330,178.6880,282208,178.2992,177.0265,176.4284,178.3513,177.3432,176.7900,67.0845,65.3584,62.5673,177.5303,0.3999,0.0188,0.3812
2022-01-03 10:03:00,178.6900,179.0330,178.6540,178.8910,448116,178.4404,177.0946,176.4558,178.4494,177.4039,176.8316,70.4968,66.4656,63.3948,177.5693,0.4183,0.0297,0.3886
2022-01-03 10:04:00,178.8900,179.0990,178.7600,178.8120,321355,178.5263,177.1600,176.4820,178.5153,177.4592,176.8708,67.4723,65.6326,62.8487,177.5965,0.4215,0.0264,0.3952
2022-01-03 10:05:00,178.8080,178.9310,178.5330,178.8220,322394,178.6082,177.2272,176.5086,178.5711,177.5126,176.9094,67.6674,65.6881,62.8895,177.6200,0.4201,0.0199,0.4002
2022-01-03 10:06:00,178.8010,179.1680,178.7700,179.0510,570597,178.6643,177.2977,176.5380,178.6583,177.5729,176.9518,71.9485,66.9368,63.8107,177.6676,0.4325,0.0258,0.4066
2022-01-03 10:07:00,179.0550,179.1090,178.8700,179.0290,294032,178.7058,177.3678,176.5672,178.7257,177.6300,176.9930,70.9457,66.6988,63.6574,177.6909,0.4355,0.0231,0.4124
2022-01-03 10:08:00,179.0150,179.0700,178.7900,178.9600,234394,178.7740,177.4354,176.5959,178.7683,177.6822,177.0319,67.6597,65.9486,63.1764,177.7081,0.4274,0.0120,0.4154
2022-01-03 10:09:00,178.9360,179.0100,178.6910,178.9110,256224,178.8461,177.5013,176.6237,178.7943,177.7304,177.0691,65.2741,65.4153,62.8359,177.7253,0.4122,-0.0025,0.4148
2022-01-03 10:10:00,178.9270,179.1590,178.8890,179.0780,377687,178.8935,177.5744,176.6533,178.8459,177.7832,177.1089,69.3645,66.3612,63.5129,177.7535,0.4090,-0.0046,0.4136
2022-01-03 10:11:00,179.0800,179.1780,178.6520,178.8220,338107,178.9064,177.6406,176.6806,178.8415,177.8240,177.1428,57.7734,63.6387,61.7705,177.7747,0.3814,-0.0258,0.4072
2022-01-03 10:12:00,178.8180,178.9460,178.6710,178.7720,219252,178.9148,177.7049,176.7077,178.8289,177.8611,177.1751,55.7516,63.1226,61.4379,177.7870,0.3514,-0.0446,0.3960
2022-01-03 10:13:00,178.7680,179.0100,178.6220,178.8220,284183,178.9079,177.7699,176.7351,178.8276,177.8988,177.2077,57.4078,63.4253,61.6465,177.8028,0.3279,-0.0545,0.3824
2022-01-03 10:14:00,178.8080,179.1200,178.7310,178.9600,287910,178.9227,177.8386,176.7651,178.8517,177.9404,177.2424,61.7931,64.2516,62.2162,177.8202,0.3168,-0.0525,0.3693
2022-01-03 10:15:00,178.9510,179.0100,178.7210,178.8220,190149,178.9227,177.9036,176.7936,178.8463,177.9750,177.2737,55.4496,62.8037,61.2965,177.8305,0.2934,-0.0607,0.3541
2022-01-03 10:16:00,178.8280,178.9220,178.6810,178.7920,190522,178.8968,177.9680,176.8212,178.8364,178.0070,177.3038,54.1079,62.4914,61.0982,177.8401,0.2694,-0.0678,0.3372
2022-01-03 10:17:00,178.7780,178.8030,178.5630,178.6590,206943,178.8598,178.0297,176.8482,178.8042,178.0326,177.3306,48.3456,61.1162,60.2256,177.8490,0.2369,-0.0802,0.3171
2022-01-03 10:18:00,178.6700,178.7890,178.5920,178.7530,219441,178.8391,178.0931,176.8757,178.7949,178.0609,177.3588,52.3321,61.7236,60.6270,177.8587,0.2162,-0.0807,0.2969
2022-01-03 10:19:00,178.7440,178.7730,178.4740,178.5700,201432,178.8050,178.1513,176.9015,178.7540,178.0808,177.3827,44.8455,59.8657,59.4471,177.8662,0.1830,-0.0912,0.2741
2022-01-03 10:20:00,178.5610,178.5860,178.2670,178.3770,274540,178.7349,178.2018,176.9257,178.6854,178.0924,177.4024,38.4069,57.9873,58.2397,177.8737,0.1394,-0.1078,0.2472
2022-01-03 10:21:00,178.3830,178.4970,178.2170,178.2790,172310,178.6806,178.2350,176.9490,178.6115,178.0998,177.4198,35.5290,57.0597,57.6392,177.8776,0.0959,-0.1210,0.2169
2022-01-03 10:22:00,178.2850,178.4080,178.1980,178.3580,217350,178.6392,178.2693,176.9731,178.5654,178.1099,177.4384,39.5839,57.6174,57.9919,177.8823,0.0670,-0.1199,0.1870
2022-01-03 10:23:00,178.3350,178.4870,178.2670,178.3580,205144,178.5928,178.3005,176.9971,178.5277,178.1196,177.4566,39.5839,57.6174,57.9919,177.8871,0.0436,-0.1147,0.1583
2022-01-03 10:24:00,178.3540,178.5360,178.1980,178.4470,231153,178.5415,178.3350,177.0226,178.5130,178.1325,177.4762,44.4438,58.2534,58.3901,177.8927,0.0319,-0.1011,0.1330
2022-01-03 10:25:00,178.4310,178.7040,178.2570,178.6530,262600,178.5246,178.3674,177.0501,178.5385,178.1529,177.4995,53.9670,59.6824,59.2922,177.9007,0.0388,-0.0754,0.1142
2022-01-03 10:26:00,178.6400,178.6940,178.3950,178.5850,180642,178.5039,178.3911,177.0764,178.5469,178.1698,177.5210,50.7747,59.0021,58.8667,177.9063,0.0383,-0.0607,0.0990
2022-01-03 10:27:00,178.5810,178.7930,178.5010,178.7030,201554,178.5083,178.4047,177.1038,178.5753,178.1907,177.5444,55.8141,59.8132,59.3777,177.9134,0.0469,-0.0417,0.0886
2022-01-03 10:28:00,178.6900,178.7830,178.6120,178.6640,150195,178.4994,178.4201,177.1308,178.5914,178.2093,177.5666,53.7918,59.4168,59.1324,177.9187,0.0500,-0.0309,0.0809
2022-01-03 10:29:00,178.6600,178.7680,178.4540,178.5750,167094,178.4999,178.4302,177.1568,178.5885,178.2236,177.5865,49.2657,58.5137,58.5747,177.9239,0.0448,-0.0289,0.0737
2022-01-03 10:30:00,178.5810,178.6250,178.2770,178.4560,167778,178.5078,178.4397,177.1815,178.5644,178.2327,177.6038,43.7915,57.3249,57.8380,177.9280,0.0307,-0.0344,0.0651
2022-01-03 10:31:00,178.4620,178.5310,178.3260,178.4080,114829,178.5207,178.4460,177.2058,178.5359,178.2396,177.6197,41.7141,56.8495,57.5431,177.9305,0.0154,-0.0397,0.0551
2022-01-03 10:32:00,178.4030,178.6250,178.3010,178.5850,183770,178.5434,178.4519,177.2319,178.5449,178.2532,177.6388,51.1991,58.1552,58.3343,177.9352,0.0174,-0.0302,0.0476
2022-01-03 10:33:00,178.5710,178.7830,178.5130,178.6830,270679,178.5759,178.4568,177.2593,178.5700,178.2700,177.6595,55.6401,58.8586,58.7642,177.9439,0.0266,-0.0168,0.0434
2022-01-03 10:34:00,178.6700,178.8720,178.5730,178.7030,241618,178.6015,178.4642,177.2876,178.5942,178.2870,177.6801,56.5369,59.0021,58.8517,177.9521,0.0351,-0.0066,0.0417
2022-01-03 10:35:00,178.6900,178.8330,178.5040,178.5800,171106,178.5942,178.4715,177.3149,178.5916,178.2985,177.6980,49.6741,57.7382,58.0860,177.9572,0.0316,-0.0081,0.0397
2022-01-03 10:36:00,178.5710,178.7310,178.5040,178.6540,94522,178.6011,178.4819,177.3443,178.6029,178.3124,177.7169,53.4513,58.2867,58.4148,177.9599,0.0343,-0.0043,0.0386
2022-01-03 10:37:00,178.6500,178.7240,178.5920,178.6460,79299,178.5954,178.5019,177.3745,178.6108,178.3255,177.7353,52.9737,58.2034,58.3648,177.9623,0.0354,-0.0025,0.0380
2022-01-03 10:38:00,178.6300,178.7830,178.5330,178.5950,145457,178.5885,178.5234,177.4059,178.6079,178.3361,177.7523,49.8206,57.6670,58.0449,177.9665,0.0319,-0.0049,0.0368
2022-01-03 10:39:00,178.5910,178.8010,178.5230,178.6440,127589,178.5954,178.5428,177.4381,178.6145,178.3481,177.7700,52.8186,58.0461,58.2669,177.9702,0.0326,-0.0033,0.0359
2022-01-03 10:40:00,178.6270,178.6940,178.3850,178.6540,140869,178.6152,178.5617,177.4700,178.6217,178.3601,177.7875,53.4492,58.1242,58.3123,177.9739,0.0336,-0.0019,0.0355
2022-01-03 10:41:00,178.6400,178.9110,178.5920,178.8530,214452,178.6597,178.5854,177.5052,178.6637,178.3795,177.8086,64.0687,59.6491,59.2058,177.9812,0.0499,0.0115,0.0383
2022-01-03 10:42:00,178.8480,178.9610,178.7550,178.8020,195424,178.6814,178.6156,177.5389,178.6889,178.3960,177.8282,60.1606,59.0864,58.8791,177.9881,0.0580,0.0157,0.0423
2022-01-03 10:43:00,178.8130,178.8630,178.6420,178.6740,130846,178.6805,178.6395,177.5723,178.6862,178.4069,177.8450,51.4148,57.6926,58.0669,177.9921,0.0535,0.0090,0.0445
2022-01-03 10:44:00,178.6900,178.8130,178.4250,178.5160,164876,178.6618,178.6508,177.6032,178.6552,178.4112,177.8583,42.8676,56.0279,57.0850,177.9962,0.0367,-0.0062,0.0430
2022-01-03 10:45:00,178.5070,178.7780,178.4640,178.7130,138816,178.6751,178.6650,177.6359,178.6657,178.4231,177.8752,53.5624,57.5850,57.9799,177.9999,0.0389,-0.0032,0.0421
2022-01-03 10:46:00,178.6900,178.9220,178.5330,178.8710,193810,178.6968,178.6726,177.6699,178.7030,178.4406,177.8949,60.2014,58.7796,58.6779,178.0060,0.0528,0.0085,0.0443
2022-01-03 10:47:00,178.8570,178.9810,178.7700,178.8410,147578,178.7163,178.6771,177.7033,178.7281,178.4563,177.9137,58.4388,58.4606,58.4916,178.0111,0.0606,0.0131,0.0475
2022-01-03 10:48:00,178.8450,178.9810,178.7210,178.7620,145300,178.7330,178.6868,177.7357,178.7343,178.4683,177.9305,53.8275,57.6203,58.0016,178.0158,0.0598,0.0098,0.0500
2022-01-03 10:49:00,178.7590,178.8520,178.6810,178.7530,119236,178.7439,178.6981,177.7679,178.7377,178.4795,177.9467,53.2952,57.5242,57.9457,178.0194,0.0578,0.0062,0.0515
2022-01-03 10:50:00,178.7390,178.8910,178.6860,178.8120,137029,178.7597,178.7022,177.8003,178.7512,178.4925,177.9639,56.4335,57.9929,58.2122,178.0236,0.0602,0.0069,0.0533
2022-01-03 10:51:00,178.8080,178.9310,178.7500,178.8570,115634,178.7601,178.7055,177.8335,178.7704,178.5068,177.9816,58.7807,58.3506,58.4152,178.0273,0.0650,0.0094,0.0556
2022-01-03 10:52:00,178.8480,178.8920,178.7010,178.8120,82279,178.7611,178.7080,177.8672,178.7780,178.5188,177.9980,55.4607,57.8480,58.1300,178.0298,0.0645,0.0071,0.0574
2022-01-03 10:53:00,178.8180,178.8820,178.6710,178.8320,127512,178.7769,178.7068,177.9007,178.7878,178.5311,178.0145,56.6693,58.0120,58.2215,178.0337,0.0649,0.0060,0.0589
2022-01-03 10:54:00,178.8280,178.9410,178.7310,178.8610,124485,178.8114,178.7078,177.9339,178.8011,178.5440,178.0313,58.4843,58.2524,58.3550,178.0376,0.0668,0.0063,0.0605
2022-01-03 10:55:00,178.8570,178.9220,178.6220,178.6760,175071,178.8077,178.7049,177.9660,178.7784,178.5492,178.0441,45.0955,56.1595,57.1783,178.0424,0.0528,-0.0062,0.0589
2022-01-03 10:56:00,178.6750,178.8670,178.6200,178.7970,124214,178.8003,178.6998,177.9988,178.7818,178.5589,178.0590,52.9270,57.1861,57.7413,178.0458,0.0508,-0.0065,0.0573
2022-01-03 10:57:00,178.7980,178.8820,178.7210,178.7620,92802,178.7924,178.6944,178.0311,178.7782,178.5669,178.0729,50.6070,56.7936,57.5203,178.0484,0.0459,-0.0091,0.0550
2022-01-03 10:58:00,178.7490,178.8480,178.6810,178.7330,86615,178.7895,178.6899,178.0626,178.7700,178.5734,178.0860,48.6440,56.4659,57.3367,178.0508,0.0393,-0.0126,0.0519
2022-01-03 10:59:00,178.7390,178.7880,178.6170,178.6930,86905,178.7835,178.6855,178.0934,178.7560,178.5781,178.0980,45.9144,56.0110,57.0828,178.0529,0.0304,-0.0172,0.0476
2022-01-03 11:00:00,178.6800,178.7440,178.5380,178.6640,106229,178.7687,178.6773,178.1258,178.7392,178.5814,178.1092,43.9288,55.6792,56.8983,178.0553,0.0208,-0.0214,0.0422
2022-01-03 11:01:00,178.6700,178.7240,178.5430,178.6140,110485,178.7444,178.6731,178.1568,178.7165,178.5827,178.1192,40.5678,55.1048,56.5798,178.0577,0.0091,-0.0265,0.0356
2022-01-03 11:02:00,178.6100,178.7630,178.4250,178.4860,172632,178.7118,178.6674,178.1862,178.6746,178.5789,178.1264,33.3172,53.6589,55.7725,178.0610,-0.0105,-0.0368,0.0264
2022-01-03 11:03:00,178.4820,178.5270,178.3060,178.3770,116934,178.6663,178.6585,178.2142,178.6205,178.5710,178.1314,28.4979,52.4628,55.0964,178.0625,-0.0343,-0.0486,0.0142
2022-01-03 11:04:00,178.3640,178.3980,178.1780,178.3480,201535,178.6150,178.6462,178.2424,178.5709,178.5623,178.1357,27.3292,52.1472,54.9174,178.0643,-0.0550,-0.0554,0.0004
2022-01-03 11:05:00,178.3340,178.5860,178.2960,178.5210,171805,178.5995,178.6402,178.2719,178.5618,178.5606,178.1433,42.8604,53.8376,55.7827,178.0669,-0.0567,-0.0457,-0.0110
2022-01-03 11:06:00,178.5170,178.6550,178.4350,178.5060,130761,178.5704,178.6345,178.3013,178.5517,178.5585,178.1505,41.9957,53.6698,55.6891,178.0691,-0.0586,-0.0381,-0.0205
2022-01-03 11:07:00,178.5020,178.5460,178.3800,178.4270,79604,178.5369,178.6299,178.3298,178.5290,178.5533,178.1560,37.5614,52.7860,55.1963,178.0702,-0.0657,-0.0362,-0.0296
2022-01-03 11:08:00,178.4030,178.4280,178.1880,178.2790,132042,178.4915,178.6204,178.3568,178.4836,178.5426,178.1584,30.7932,51.1750,54.2873,178.0713,-0.0824,-0.0422,-0.0401
2022-01-03 11:09:00,178.2900,178.4280,178.2370,178.3660,105179,178.4588,178.6163,178.3838,178.4622,178.5357,178.1625,38.0806,52.0527,54.7300,178.0724,-0.0875,-0.0379,-0.0496
2022-01-03 11:10:00,178.3630,178.4280,178.2570,178.3080,73348,178.4232,178.6149,178.4084,178.4342,178.5267,178.1654,35.3252,51.4238,54.3754,178.0730,-0.0952,-0.0365,-0.0587
2022-01-03 11:11:00,178.3040,178.3930,178.0990,178.3580,234664,178.3976,178.6165,178.4258,178.4203,178.5201,178.1692,39.5171,51.9347,54.6314,178.0748,-0.0961,-0.0299,-0.0662
2022-01-03 11:12:00,178.3590,178.5120,178.3160,178.4560,157359,178.3946,178.6185,178.4439,178.4268,178.5176,178.1749,46.9983,52.9248,55.1297,178.0768,-0.0880,-0.0174,-0.0706
2022-01-03 11:13:00,178.4720,178.6750,178.4050,178.6150,138065,178.4184,178.6236,178.4621,178.4610,178.5214,178.1836,56.6619,54.4773,55.9232,178.0792,-0.0679,0.0022,-0.0700
2022-01-03 11:14:00,178.6010,178.6450,178.4540,178.5550,109831,178.4391,178.6258,178.4804,178.4781,178.5227,178.1910,52.6379,53.7942,55.5488,178.0810,-0.0561,0.0111,-0.0672
2022-01-03 11:15:00,178.5510,178.5960,178.4050,178.4560,84663,178.4326,178.6218,178.4946,178.4741,178.5201,178.1962,46.5740,52.6819,54.9357,178.0822,-0.0542,0.0104,-0.0646
2022-01-03 11:16:00,178.4530,178.5760,178.4250,178.5350,96177,178.4355,178.6208,178.5059,178.4852,178.5207,178.2029,51.5253,53.4654,55.3331,178.0837,-0.0458,0.0151,-0.0609
2022-01-03 11:17:00,178.5220,178.6550,178.4940,178.5950,116988,178.4523,178.6187,178.5117,178.5051,178.5236,178.2107,55.0413,54.0549,55.6332,178.0857,-0.0338,0.0216,-0.0555
2022-01-03 11:18:00,178.6110,178.7640,178.5430,178.6740,187390,178.4918,178.6189,178.5195,178.5358,178.5295,178.2199,59.3545,54.8239,56.0261,178.0895,-0.0178,0.0301,-0.0479
2022-01-03 11:19:00,178.6900,178.7680,178.6370,178.6930,117575,178.5245,178.6212,178.5257,178.5644,178.5359,178.2292,60.3704,55.0087,56.1206,178.0920,-0.0036,0.0355,-0.0391
2022-01-03 11:20:00,178.6900,178.7930,178.6290,178.7720,182416,178.5709,178.6275,178.5336,178.6022,178.5452,178.2400,64.4730,55.7762,56.5127,178.0960,0.0140,0.0424,-0.0284
2022-01-03 11:21:00,178.7690,178.8230,178.7010,178.7480,133084,178.6099,178.6343,178.5402,178.6287,178.5531,178.2500,62.2961,55.4828,56.3581,178.0990,0.0256,0.0433,-0.0176
2022-01-03 11:22:00,178.7390,178.9220,178.7010,178.8810,154868,178.6524,178.6403,178.5461,178.6745,178.5660,178.2625,68.7857,56.7688,57.0162,178.1029,0.0451,0.0502,-0.0051
2022-01-03 11:23:00,178.8770,179.0600,178.8100,179.0190,436150,178.6928,178.6470,178.5519,178.7372,178.5838,178.2775,73.9540,58.0518,57.6848,178.1155,0.0708,0.0607,0.0101
2022-01-03 11:24:00,179.0150,179.1090,178.9180,179.0640,195337,178.7437,178.6542,178.5592,178.7966,178.6026,178.2931,75.4281,58.4620,57.9006,178.1214,0.0938,0.0669,0.0268
2022-01-03 11:25:00,179.0550,179.2850,179.0070,179.2560,466989,178.8237,178.6677,178.5696,178.8801,178.6282,178.3122,80.6263,60.1581,58.8056,178.1377,0.1260,0.0793,0.0467
2022-01-03 11:26:00,179.2520,179.3310,179.1010,179.2880,285448,178.8990,178.6804,178.5812,178.9543,178.6541,178.3315,81.3566,60.4329,58.9542,178.1480,0.1523,0.0846,0.0678
2022-01-03 11:27:00,179.2870,179.4800,179.2540,179.3900,387992,178.9785,178.6953,178.5986,179.0335,178.6829,178.3524,83.5526,61.3010,59.4253,178.1633,0.1794,0.0893,0.0901
2022-01-03 11:28:00,179.3910,179.5140,179.1850,179.2660,264357,179.0377,178.7087,178.6161,179.0758,178.7058,178.3705,72.0837,59.6768,58.5994,178.1730,0.1887,0.0788,0.1098
2022-01-03 11:29:00,179.2620,179.4940,179.2140,179.4730,201479,179.1157,178.7253,178.6340,179.1480,178.7359,178.3924,77.7490,61.4181,59.5474,178.1808,0.2103,0.0804,0.1299
2022-01-03 11:30:00,179.4700,179.5140,179.2250,179.2830,155800,179.1668,178.7379,178.6498,179.1725,178.7574,178.4100,64.4168,59.0306,58.3095,178.1865,0.2097,0.0638,0.1459
2022-01-03 11:31:00,179.2620,179.4450,179.2340,179.3150,93831,179.2235,178.7471,178.6662,179.1984,178.7792,178.4279,65.5231,59.3025,58.4564,178.1899,0.2093,0.0508,0.1586
2022-01-03 11:32:00,179.3220,179.3560,179.2240,179.3350,116334,179.2689,178.7578,178.6867,179.2233,178.8010,178.4459,66.2518,59.4740,58.5486,178.1940,0.2083,0.0398,0.1685
2022-01-03 11:33:00,179.3220,179.4150,179.1350,179.2150,193594,179.2885,178.7686,178.7040,179.2218,178.8173,178.4611,58.0697,57.9780,57.7714,178.2004,0.1955,0.0216,0.1739
2022-01-03 11:34:00,179.2030,179.2970,179.1560,179.2070,91757,179.3028,178.7824,178.7166,179.2191,178.8325,178.4759,57.5433,57.8789,57.7197,178.2033,0.1827,0.0070,0.1757
2022-01-03 11:35:00,179.2030,179.2470,178.9180,179.0490,248479,179.2821,178.7891,178.7270,179.1882,178.8410,178.4872,47.9956,55.9527,56.7093,178.2099,0.1579,-0.0142,0.1721
2022-01-03 11:36:00,179.0500,179.1880,179.0120,179.1080,156173,179.2641,178.7939,178.7332,179.1736,178.8515,178.4995,51.3451,56.5042,56.9932,178.2142,0.1414,-0.0246,0.1660
2022-01-03 11:37:00,179.1140,179.1490,178.8890,178.9990,156160,179.2250,178.7970,178.7371,179.1418,178.8573,178.5094,45.3493,55.2011,56.3040,178.2180,0.1182,-0.0382,0.1564
2022-01-03 11:38:00,178.9910,179.0200,178.8390,178.9800,144854,179.1964,178.8014,178.7441,179.1124,178.8621,178.5187,44.3463,54.9756,56.1843,178.2212,0.0971,-0.0474,0.1446
2022-01-03 11:39:00,178.9960,179.0300,178.8990,178.9600,97817,179.1451,178.8055,178.7518,179.0847,178.8659,178.5275,43.2281,54.7354,56.0577,178.2234,0.0779,-0.0533,0.1312
2022-01-03 11:40:00,178.9560,179.0990,178.8690,179.0290,158380,179.1197,178.8099,178.7560,179.0746,178.8723,178.5374,48.2319,55.4211,56.4002,178.2271,0.0675,-0.0510,0.1185
2022-01-03 11:41:00,179.0250,179.2470,178.9970,179.1970,172597,179.1079,178.8167,178.7611,179.0968,178.8851,178.5505,58.1991,57.0379,57.2202,178.2318,0.0720,-0.0372,0.1092
2022-01-03 11:42:00,179.1730,179.2870,179.1350,179.1870,198781,179.0931,178.8242,178.7661,179.1132,178.8969,178.5631,57.4673,56.9125,57.1556,178.2376,0.0738,-0.0283,0.1021
2022-01-03 11:43:00,179.1930,179.3660,179.1260,179.3350,130472,179.1051,178.8342,178.7705,179.1536,178.9141,178.5784,64.7549,58.2969,57.8671,178.2416,0.0863,-0.0127,0.0989
2022-01-03 11:44:00,179.3220,179.3660,179.1400,179.2110,141682,179.1055,178.8412,178.7745,179.1640,178.9257,178.5909,55.8470,56.7384,57.0651,178.2458,0.0851,-0.0110,0.0962
2022-01-03 11:45:00,179.2040,179.3070,179.1410,179.2560,101805,179.1262,178.8528,178.7788,179.1807,178.9387,178.6041,58.1674,57.1624,57.2821,178.2488,0.0869,-0.0075,0.0943
2022-01-03 11:46:00,179.2430,179.3260,179.1160,179.1570,104529,179.1311,178.8600,178.7799,179.1764,178.9472,178.6150,51.5456,55.9316,56.6458,178.2517,0.0793,-0.0120,0.0913
2022-01-03 11:47:00,179.1540,179.3850,179.0760,179.3500,154470,179.1662,178.8718,178.7831,179.2080,178.9630,178.6296,61.1304,57.7417,57.5739,178.2563,0.0879,-0.0027,0.0906
2022-01-03 11:48:00,179.3310,179.4970,179.2930,179.3400,155838,179.2022,178.8839,178.7869,179.2320,178.9778,178.6436,60.4421,57.6166,57.5094,178.2614,0.0929,0.0018,0.0911
2022-01-03 11:49:00,179.3310,179.4350,179.3030,179.3450,78650,179.2407,178.8970,178.7913,179.2525,178.9922,178.6575,60.6880,57.6634,57.5334,178.2639,0.0961,0.0040,0.0921
2022-01-03 11:50:00,179.3410,179.3660,179.1550,179.2810,125710,179.2659,178.9093,178.7933,179.2577,179.0035,178.6699,55.7582,56.8434,57.1163,178.2675,0.0924,0.0002,0.0921
2022-01-03 11:51:00,179.2820,179.3330,179.1550,179.2880,124597,179.2750,178.9228,178.7979,179.2632,179.0147,178.6821,56.1907,56.9118,57.1506,178.2711,0.0890,-0.0025,0.0915
2022-01-03 11:52:00,179.2850,179.4150,179.2050,179.3850,156934,179.2948,178.9408,178.8041,179.2854,179.0292,178.6960,61.9219,57.8560,57.6253,178.2759,0.0931,0.0012,0.0918
2022-01-03 11:53:00,179.3810,179.5130,179.3230,179.4650,207752,179.3078,178.9625,178.8105,179.3180,179.0463,178.7112,65.9981,58.6191,58.0128,178.2828,0.1016,0.0078,0.0938
2022-01-03 11:54:00,179.4600,179.5040,179.3180,179.3660,93978,179.3233,178.9829,178.8146,179.3267,179.0588,178.7242,57.5301,57.3088,57.3572,178.2857,0.0992,0.0043,0.0949
2022-01-03 11:55:00,179.3610,179.4350,179.2840,179.3350,113774,179.3312,178.9992,178.8197,179.3282,179.0697,178.7363,55.0717,56.9023,57.1529,178.2892,0.0937,-0.0009,0.0946
2022-01-03 11:56:00,179.3220,179.3660,179.2050,179.3250,89255,179.3480,179.0155,178.8250,179.3277,179.0797,178.7480,54.2409,56.7698,57.0866,178.2917,0.0876,-0.0057,0.0932
2022-01-03 11:57:00,179.3120,179.3660,179.1450,179.2320,121546,179.3362,179.0316,178.8308,179.3103,179.0857,178.7575,46.9259,55.5422,56.4716,178.2950,0.0743,-0.0151,0.0894
2022-01-03 11:58:00,179.2230,179.2470,179.1160,179.1530,92308,179.3175,179.0491,178.8348,179.2817,179.0883,178.7654,41.6273,54.5203,55.9544,178.2973,0.0568,-0.0261,0.0829
2022-01-03 11:59:00,179.1540,179.2280,179.0470,179.1970,80593,179.3027,179.0657,178.8410,179.2663,179.0926,178.7739,45.4398,54.9910,56.1802,178.2992,0.0459,-0.0296,0.0755
2022-01-03 12:00:00,179.1930,179.2280,179.0270,179.0820,78233,179.2828,179.0812,178.8481,179.2328,179.0921,178.7800,38.1952,53.5141,55.4300,178.3010,0.0277,-0.0382,0.0660
2022-01-03 12:01:00,179.0750,179.1290,178.9680,179.0190,146930,179.2559,179.0944,178.8555,179.1939,179.0893,178.7848,34.8164,52.7225,55.0235,178.3040,0.0081,-0.0463,0.0544
2022-01-03 12:02:00,179.0250,179.1370,178.9520,179.0890,133962,179.2263,179.1071,178.8628,179.1748,179.0893,178.7908,41.2343,53.5023,55.3907,178.3068,-0.0017,-0.0449,0.0432
2022-01-03 12:03:00,179.0850,179.1780,179.0540,179.1480,82579,179.1946,179.1178,178.8707,179.1700,179.0916,178.7979,46.1955,54.1526,55.6986,178.3087,-0.0048,-0.0383,0.0336
2022-01-03 12:04:00,179.1440,179.2670,179.1160,179.1820,126302,179.1762,179.1303,178.8780,179.1721,179.0951,178.8055,48.9548,54.5267,55.8760,178.3118,-0.0043,-0.0303,0.0260
2022-01-03 12:05:00,179.1820,179.2370,178.9870,179.0590,97640,179.1486,179.1424,178.8821,179.1516,179.0937,178.8105,40.5879,52.9326,55.0705,178.3139,-0.0138,-0.0318,0.0180
2022-01-03 12:06:00,179.0550,179.1190,178.9770,179.0740,114939,179.1235,179.1531,178.8870,179.1375,179.0929,178.8157,41.9327,53.1032,55.1502,178.3162,-0.0198,-0.0303,0.0105
2022-01-03 12:07:00,179.0650,179.1480,178.9780,179.0340,72307,179.1037,179.1619,178.8903,179.1187,179.0906,178.8200,39.2972,52.5846,54.8881,178.3177,-0.0275,-0.0304,0.0029
2022-01-03 12:08:00,179.0250,179.1190,178.9080,178.9610,85477,179.0845,179.1677,178.8933,179.0900,179.0855,178.8228,34.8551,51.6453,54.4115,178.3193,-0.0391,-0.0335,-0.0055
2022-01-03 12:09:00,178.9660,179.1050,178.9330,179.0340,91208,179.0682,179.1745,178.8979,179.0798,179.0835,178.8270,42.1242,52.5109,54.8079,178.3210,-0.0418,-0.0291,-0.0128
2022-01-03 12:10:00,179.0330,179.1390,178.9080,179.0730,93886,179.0673,179.1805,178.9040,179.0786,179.0831,178.8319,45.7196,52.9699,55.0189,178.3229,-0.0404,-0.0221,-0.0183
2022-01-03 12:11:00,179.0660,179.1190,178.9130,178.9600,59273,179.0614,179.1847,178.9095,179.0570,179.0783,178.8344,38.0998,51.4983,54.2771,178.3240,-0.0479,-0.0236,-0.0242
2022-01-03 12:12:00,178.9510,178.9960,178.7750,178.9200,163230,179.0445,179.1855,178.9129,179.0321,179.0721,178.8361,35.7560,50.9867,54.0167,178.3265,-0.0564,-0.0257,-0.0307
2022-01-03 12:13:00,178.9360,179.0490,178.8590,178.9850,74920,179.0282,179.1848,178.9159,179.0235,179.0687,178.8390,42.1785,51.7811,54.3760,178.3278,-0.0572,-0.0212,-0.0360
2022-01-03 12:14:00,178.9860,179.0800,178.9480,179.0190,56714,179.0119,179.1839,178.9191,179.0227,179.0667,178.8426,45.3536,52.1946,54.5636,178.3288,-0.0544,-0.0148,-0.0397
2022-01-03 12:15:00,179.0100,179.1390,178.9820,179.0780,161619,179.0138,179.1804,178.9241,179.0328,179.0671,178.8473,50.5854,52.9097,54.8887,178.3320,-0.0470,-0.0059,-0.0411
2022-01-03 12:16:00,179.0750,179.1190,178.9870,179.0790,155146,179.0143,179.1762,178.9283,179.0412,179.0676,178.8519,50.6743,52.9219,54.8942,178.3351,-0.0405,0.0005,-0.0410
2022-01-03 12:17:00,179.0850,179.1680,179.0070,179.1180,120823,179.0227,179.1708,178.9330,179.0551,179.0696,178.8571,54.2429,53.4015,55.1108,178.3375,-0.0319,0.0073,-0.0392
2022-01-03 12:18:00,179.1140,179.2000,179.0470,179.1770,87119,179.0443,179.1690,178.9388,179.0773,179.0738,178.8635,59.2041,54.1230,55.4378,178.3394,-0.0201,0.0153,-0.0354
2022-01-03 12:19:00,179.1730,179.3360,179.1200,179.2760,138807,179.0685,179.1650,178.9452,179.1134,179.0817,178.8716,66.0641,55.3078,55.9813,178.3427,-0.0027,0.0262,-0.0288
2022-01-03 12:20:00,179.2820,179.3560,179.2050,179.2560,109504,179.0868,179.1645,178.9512,179.1393,179.0886,178.8792,63.6612,55.0149,55.8423,178.3454,0.0094,0.0306,-0.0212
2022-01-03 12:21:00,179.2520,179.3910,179.2000,179.2460,132782,179.1154,179.1631,178.9551,179.1587,179.0947,178.8865,62.4003,54.8667,55.7724,178.3486,0.0180,0.0313,-0.0133
2022-01-03 12:22:00,179.2520,179.3360,179.2050,179.2960,63948,179.1530,179.1623,178.9601,179.1837,179.1026,178.8946,66.1275,55.4788,56.0504,178.3502,0.0284,0.0334,-0.0050
2022-01-03 12:23:00,179.2930,179.4150,179.2540,179.3550,87461,179.1900,179.1651,178.9669,179.2148,179.1125,178.9037,70.0235,56.1941,56.3772,178.3525,0.0410,0.0368,0.0042
2022-01-03 12:24:00,179.3410,179.4400,179.3130,179.3700,99566,179.2251,179.1684,178.9754,179.2431,179.1226,178.9130,70.9668,56.3759,56.4603,178.3551,0.0516,0.0379,0.0137
2022-01-03 12:25:00,179.3710,179.4100,179.2540,179.2960,83646,179.2469,179.1733,178.9812,179.2527,179.1294,178.9206,60.5263,55.2220,55.9291,178.3572,0.0534,0.0318,0.0217
2022-01-03 12:26:00,179.2970,179.3360,179.2140,179.3150,56882,179.2705,179.1775,178.9857,179.2640,179.1367,178.9284,62.1163,55.4609,56.0364,178.3586,0.0558,0.0273,0.0285
2022-01-03 12:27:00,179.3120,179.3460,179.2290,179.2610,62261,179.2848,179.1827,178.9899,179.2635,179.1416,178.9350,55.1066,54.6160,55.6476,178.3601,0.0526,0.0193,0.0333
2022-01-03 12:28:00,179.2570,179.3660,179.1950,179.3110,77433,179.2982,179.1893,178.9954,179.2721,179.1482,178.9424,59.7765,55.2600,55.9336,178.3620,0.0536,0.0162,0.0374
2022-01-03 12:29:00,179.3070,179.3960,179.2490,179.3250,67650,179.3031,179.1966,179.0011,179.2817,179.1552,178.9500,61.0374,55.4406,56.0138,178.3637,0.0548,0.0140,0.0409
2022-01-03 12:30:00,179.3170,179.3780,179.2240,179.2660,93865,179.3041,179.2014,179.0056,179.2789,179.1595,178.9562,53.2247,54.4944,55.5831,178.3659,0.0505,0.0077,0.0428
2022-01-03 12:31:00,179.2620,179.3410,179.1850,179.3200,82632,179.3115,179.2038,179.0103,179.2863,179.1658,178.9634,58.6121,55.2084,55.8966,178.3679,0.0508,0.0064,0.0444
2022-01-03 12:32:00,179.3120,179.3860,179.2540,179.3500,72106,179.3169,179.2071,179.0156,179.2979,179.1730,178.9711,61.3593,55.6032,56.0706,178.3697,0.0529,0.0068,0.0461
2022-01-03 12:33:00,179.3500,179.3820,179.2640,179.2960,66770,179.3110,179.2063,179.0203,179.2976,179.1778,178.9775,54.1683,54.7173,55.6712,178.3713,0.0496,0.0028,0.0468
2022-01-03 12:34:00,179.3020,179.4050,179.2090,179.3830,83712,179.3123,179.2098,179.0255,179.3131,179.1859,178.9856,62.1161,55.8731,56.1792,178.3733,0.0534,0.0053,0.0481
2022-01-03 12:35:00,179.3810,179.5340,179.3430,179.4730,219747,179.3300,179.2141,179.0335,179.3422,179.1971,178.9952,68.4123,57.0309,56.6976,178.3794,0.0629,0.0119,0.0511
2022-01-03 12:36:00,179.4700,179.5140,179.3130,179.4130,147387,179.3398,179.2192,179.0396,179.3551,179.2056,179.0035,60.9133,56.0308,56.2495,178.3832,0.0649,0.0111,0.0538
2022-01-03 12:37:00,179.4180,179.5140,179.3240,179.4920,102855,179.3629,179.2221,179.0469,179.3800,179.2168,179.0132,66.3151,57.0429,56.7046,178.3860,0.0720,0.0145,0.0575
2022-01-03 12:38:00,179.4790,179.5730,179.3920,179.5330,167727,179.3851,179.2259,179.0549,179.4078,179.2292,179.0234,68.8014,57.5603,56.9394,178.3907,0.0800,0.0180,0.0620
2022-01-03 12:39:00,179.5340,179.5640,179.4610,179.5330,116196,179.4059,179.2297,179.0633,179.4305,179.2412,179.0335,68.8014,57.5603,56.9394,178.3940,0.0854,0.0187,0.0667
2022-01-03 12:40:00,179.5240,179.5740,179.3720,179.5430,118714,179.4336,179.2349,179.0721,179.4510,179.2530,179.0436,69.4798,57.6897,56.9975,178.3973,0.0894,0.0182,0.0712
2022-01-03 12:41:00,179.5390,179.8890,179.4910,179.8390,937409,179.4855,179.2459,179.0844,179.5215,179.2760,179.0594,82.2048,61.2577,58.6635,178.4281,0.1152,0.0352,0.0800
2022-01-03 12:42:00,179.8250,179.9070,179.6980,179.7300,279562,179.5235,179.2528,179.0968,179.5594,179.2938,179.0727,70.2249,59.3762,57.8301,178.4373,0.1253,0.0363,0.0891
2022-01-03 12:43:00,179.7340,179.8200,179.6290,179.6810,160589,179.5620,179.2572,179.1098,179.5815,179.3090,179.0847,65.4599,58.5512,57.4595,178.4423,0.1280,0.0311,0.0969
2022-01-03 12:44:00,179.6870,179.8200,179.6490,179.7400,107002,179.5977,179.2646,179.1238,179.6104,179.3259,179.0977,68.3345,59.2469,57.7885,178.4456,0.1333,0.0291,0.1041
2022-01-03 12:45:00,179.7360,179.8400,179.6240,179.7190,170467,179.6223,179.2723,179.1357,179.6301,179.3413,179.1100,66.1570,58.8879,57.6283,178.4509,0.1343,0.0241,0.1102
2022-01-03 12:46:00,179.7120,179.8400,179.6780,179.7700,122384,179.6580,179.2812,179.1484,179.6555,179.3581,179.1230,68.8366,59.4961,57.9146,178.4547,0.1375,0.0219,0.1156
2022-01-03 12:47:00,179.7610,179.8050,179.6040,179.7800,126101,179.6868,179.2922,179.1619,179.6782,179.3746,179.1361,69.3650,59.6156,57.9708,178.4586,0.1394,0.0190,0.1204
2022-01-03 12:48:00,179.7760,179.8200,179.6190,179.6610,99316,179.6996,179.3023,179.1757,179.6750,179.3859,179.1465,56.6610,57.5533,57.0542,178.4615,0.1297,0.0075,0.1222
2022-01-03 12:49:00,179.6640,179.7710,179.6240,179.7150,90344,179.7178,179.3127,179.1892,179.6823,179.3988,179.1577,60.3247,58.2225,57.3632,178.4642,0.1250,0.0022,0.1228
2022-01-03 12:50:00,179.7070,179.7810,179.6390,179.7100,72050,179.7345,179.3253,179.2032,179.6873,179.4110,179.1686,59.8046,58.1359,57.3247,178.4663,0.1194,-0.0027,0.1221
2022-01-03 12:51:00,179.7020,179.7310,179.5990,179.6910,84164,179.7197,179.3387,179.2166,179.6880,179.4220,179.1790,57.7039,57.8026,57.1771,178.4687,0.1122,-0.0079,0.1201
2022-01-03 12:52:00,179.6950,179.7200,179.5800,179.6270,107565,179.7094,179.3495,179.2283,179.6769,179.4300,179.1879,50.9992,56.6853,56.6806,178.4717,0.1002,-0.0160,0.1161
2022-01-03 12:53:00,179.6180,179.6470,179.3920,179.4730,143637,179.6886,179.3560,179.2369,179.6398,179.4317,179.1935,38.9114,54.1170,55.5090,178.4752,0.0773,-0.0311,0.1084
2022-01-03 12:54:00,179.4600,179.5640,179.4120,179.5430,102163,179.6689,179.3632,179.2467,179.6222,179.4361,179.2004,45.4423,55.0614,55.9272,178.4777,0.0641,-0.0354,0.0995
2022-01-03 12:55:00,179.5390,179.6230,179.4510,179.5330,80254,179.6503,179.3727,179.2575,179.6060,179.4399,179.2070,44.6841,54.8967,55.8515,178.4797,0.0522,-0.0378,0.0901
2022-01-03 12:56:00,179.5190,179.6030,179.4860,179.5480,44313,179.6281,179.3821,179.2676,179.5955,179.4441,179.2138,46.1808,55.1023,55.9419,178.4808,0.0435,-0.0372,0.0808
2022-01-03 12:57:00,179.5490,179.6230,179.5110,179.5770,56719,179.6078,179.3930,179.2775,179.5921,179.4493,179.2210,49.1372,55.5024,56.1174,178.4822,0.0385,-0.0338,0.0723
2022-01-03 12:58:00,179.5680,179.6030,179.4220,179.5230,108629,179.5940,179.4042,179.2860,179.5795,179.4522,179.2269,44.1226,54.5782,55.7000,178.4849,0.0299,-0.0340,0.0638
2022-01-03 12:59:00,179.5170,179.5730,179.3430,179.4140,110194,179.5639,179.4118,179.2932,179.5494,179.4507,179.2306,35.9045,52.7685,54.8679,178.4873,0.0140,-0.0398,0.0539
2022-01-03 13:00:00,179.4110,179.5340,179.3630,179.3990,69264,179.5328,179.4184,179.2994,179.5221,179.4487,179.2340,34.9103,52.5240,54.7542,178.4889,0.0003,-0.0429,0.0432
2022-01-03 13:01:00,179.3920,179.5340,179.3330,179.4390,112779,179.5076,179.4279,179.3063,179.5070,179.4483,179.2380,39.8457,53.1152,55.0053,178.4913,-0.0073,-0.0404,0.0331
2022-01-03 13:02:00,179.4400,179.5640,179.4020,179.5430,61109,179.4992,179.4404,179.3130,179.5135,179.4520,179.2441,50.6549,54.6148,55.6519,178.4928,-0.0049,-0.0303,0.0255
2022-01-03 13:03:00,179.5390,179.6430,179.4120,179.4820,117835,179.5001,179.4503,179.3176,179.5078,179.4532,179.2488,45.3447,53.5890,55.1821,178.4956,-0.0078,-0.0266,0.0188
2022-01-03 13:04:00,179.4700,179.5830,179.4120,179.5380,75795,179.4996,179.4607,179.3223,179.5133,179.4565,179.2545,50.6245,54.3915,55.5302,178.4973,-0.0055,-0.0195,0.0140
2022-01-03 13:05:00,179.5390,179.6430,179.4610,179.6190,99301,179.5082,179.4715,179.3260,179.5325,179.4629,179.2617,57.2599,55.5265,56.0292,178.4998,0.0028,-0.0089,0.0117
2022-01-03 13:06:00,179.6180,179.6720,179.5160,179.5920,102494,179.5126,179.4818,179.3290,179.5433,179.4679,179.2683,54.5450,55.0604,55.8183,178.5024,0.0071,-0.0037,0.0108
2022-01-03 13:07:00,179.5880,179.6330,179.4810,179.6020,65443,179.5151,179.4915,179.3311,179.5540,179.4732,179.2749,55.4150,55.2025,55.8804,178.5040,0.0113,0.0003,0.0109
2022-01-03 13:08:00,179.6000,179.6330,179.4910,179.5920,55041,179.5220,179.4998,179.3344,179.5609,179.4779,179.2812,54.2611,55.0250,55.8012,178.5053,0.0135,0.0021,0.0114
2022-01-03 13:09:00,179.5830,179.6230,179.5010,179.5570,55919,179.5363,179.5054,179.3352,179.5602,179.4810,179.2866,50.1965,54.4001,55.5228,178.5067,0.0124,0.0008,0.0116
2022-01-03 13:10:00,179.5510,179.6230,179.4220,179.5970,119241,179.5561,179.5122,179.3384,179.5669,179.4855,179.2928,54.5224,54.9961,55.7775,178.5095,0.0145,0.0023,0.0122
2022-01-03 13:11:00,179.5930,179.6520,179.5270,179.6220,96177,179.5744,179.5197,179.3414,179.5769,179.4909,179.2993,57.1095,55.3681,55.9368,178.5119,0.0181,0.0047,0.0134
2022-01-03 13:12:00,179.6220,179.7460,179.5900,179.7060,150521,179.5907,179.5279,179.3451,179.6004,179.4993,179.3073,64.6229,56.5983,56.4690,178.5159,0.0273,0.0111,0.0162
2022-01-03 13:13:00,179.7060,179.8400,179.6740,179.7400,203321,179.6165,179.5356,179.3504,179.6258,179.5087,179.3159,67.2065,57.0868,56.6829,178.5216,0.0369,0.0166,0.0203
2022-01-03 13:14:00,179.7360,179.8210,179.6980,179.7300,93184,179.6357,179.5428,179.3556,179.6447,179.5174,179.3241,65.6400,56.8946,56.6002,178.5241,0.0433,0.0184,0.0249
2022-01-03 13:15:00,179.7260,179.7660,179.6490,179.7060,79641,179.6444,179.5510,179.3622,179.6559,179.5248,179.3317,61.7986,56.4294,56.4009,178.5263,0.0458,0.0167,0.0291
2022-01-03 13:16:00,179.7070,179.7910,179.6540,179.7610,67776,179.6613,179.5600,179.3687,179.6750,179.5341,179.3402,66.7529,57.2469,56.7534,178.5281,0.0517,0.0181,0.0336
2022-01-03 13:17:00,179.7660,179.8270,179.7280,179.7850,92230,179.6796,179.5704,179.3766,179.6950,179.5439,179.3490,68.7197,57.6011,56.9070,178.5307,0.0576,0.0192,0.0384
2022-01-03 13:18:00,179.7810,179.8430,179.7280,179.8210,83672,179.7025,179.5806,179.3850,179.7179,179.5548,179.3583,71.5271,58.1321,57.1376,178.5331,0.0645,0.0209,0.0436
2022-01-03 13:19:00,179.8150,179.9090,179.7450,179.7940,169703,179.7262,179.5900,179.3933,179.7317,179.5642,179.3670,66.5498,57.5803,56.9069,178.5379,0.0670,0.0187,0.0483
2022-01-03 13:20:00,179.7860,179.9090,179.7570,179.8780,129480,179.7543,179.6023,179.4018,179.7583,179.5765,179.3771,73.0359,58.8213,57.4469,178.5417,0.0749,0.0212,0.0536
2022-01-03 13:21:00,179.8740,179.8990,179.7970,179.8500,117835,179.7771,179.6129,179.4084,179.7750,179.5872,179.3864,68.1422,58.2417,57.2055,178.5451,0.0779,0.0195,0.0585
2022-01-03 13:22:00,179.8450,179.9090,179.7870,179.8210,86703,179.7886,179.6223,179.4147,179.7834,179.5964,179.3950,63.2640,57.6415,56.9552,178.5476,0.0772,0.0149,0.0622
2022-01-03 13:23:00,179.8150,179.9090,179.7770,179.8780,99762,179.8024,179.6339,179.4201,179.8006,179.6074,179.4046,68.2309,58.4993,57.3260,178.5505,0.0802,0.0144,0.0658
